0.3336831059811123,0.2927402103783936,0.5148746945531283,-2.9525260207983965,99256,0.674956111,1255.245,1
0.17396737575121626,0.1559154739979118,-0.38123792387786115,-12.87423100995363,67390,0.70227959,1063.621,0
0.1302394352761614,0.07500002297636893,-0.24753851517019662,-11.39391920188584,54860,0.737749216,895.745,1
0.4169655632929505,0.41063972906319635,0.25433135081908664,-5.837246244851691,116961,0.743155287,1390.4,0
0.1168320137365258,0.07987273480209627,-0.6461886358973074,-15.807749350456739,50880,0.766377827,843.764,1
0.28138891538681676,0.23103351140655992,0.33534195841034836,-4.940301672282192,87629,0.67494521,1140.605,0
0.051159019364685684,0.04148486659009688,-1.4669466941866178,-24.89513318406084,37442,0.694480769,737.637,1
0.2679814938471812,0.21782405762821885,0.22657988293994105,-6.1445088273103545,84964,0.698270844,1187.338,1
0.20804636077458744,0.19916521172946372,-0.25281295591610825,-11.45231749244372,72895,0.697453002,1086.857,1
0.21882571782886578,0.2139246555042333,-0.3761100756704922,-12.817455783161531,73002,0.66062887,1034.183,1
0.40651054087570354,0.3052047272512979,1.0484513623707616,2.95520273817425,112150,0.752397666,1252.875,1
0.5076266335972527,0.39797440481639346,1.3642002018415562,6.451154889124366,138992,0.722192393,1488.84,0
0.6632309453400744,0.46023533968234576,2.1576277456890236,15.235936911397433,167563,0.770427286,1554.365,0
0.20945817037107697,0.16760454567572797,-0.0007073970824654139,-8.66101991507772,71843,0.701153379,1051.02,1
0.8529953257655252,0.5476160918544773,2.956559013175383,24.081655830622733,207198,0.773987918,1724.662,0
0.7275064389964705,0.46144558693617604,2.801353302802422,22.363227544623346,181352,0.737206739,1647.505,0
0.321224840217495,0.2738970126178998,0.34188892361327805,-4.867814067508289,94693,0.704122154,1183.447,1
0.04412381951731375,0.033839545912222546,-1.5232784739199963,-25.518835259596,35824,0.749399624,713.94,1
0.1631307831727559,0.20467719106421522,-1.0623613620450492,-20.415588731850715,62974,0.684081829,1043.187,1
0.30453114566440903,0.28235973971641476,0.08919192550029076,-7.665660024986297,91201,0.655190643,1179.694,1
0.10289993322522178,0.15312264373805054,-1.5473702294678533,-25.78557772733985,48476,0.61463255,891.528,1
0.4374272631880187,0.5340945387693347,-0.34040250780856784,-12.422103740438857,120417,0.652865745,1484.334,0
0.1555470762186397,0.11066099507279921,-0.2202891327368917,-11.092215679271353,61519,0.656334872,968.697,0
0.1665839931317371,0.14769919443927773,-0.5353630063883009,-14.5806946492842,62130,0.726680161,946.487,1
0.550939616521988,0.4696890475522399,1.07099080735863,3.2047581168056536,146231,0.733999104,1536.473,0
0.21277306114661834,0.17768372395891452,-0.14796905014570905,-10.29149207656459,71994,0.722542219,1010.809,1
0.302194028426977,0.2645467941755601,0.22409180467144474,-6.1720566801831005,90715,0.752063524,1162.877,1
0.5581989888390728,0.4597977767012092,1.274131315621458,5.453917600643505,145899,0.754857688,1512.658,0
0.3182962892301822,0.26751641547781335,0.4241437033683146,-3.9570940956075025,95197,0.715447344,1193.836,0
0.7241200038157016,0.6142436420974995,1.4728069648378928,7.65364243378529,181412,0.739152923,1754.378,0
0.17626633597252694,0.1589545470449018,-0.43345806296728256,-13.452409247690158,63897,0.705620699,979.447,1
0.5935991605456453,0.41705655785071627,2.002373916635358,13.516975858260743,155682,0.711847256,1544.342,0
0.37981970809882665,0.27830835117963937,1.032572309762786,2.779390823194789,107423,0.714616222,1228.366,1
0.37663359725269485,0.43633895739190565,-0.3017777824371927,-11.994453105306734,107968,0.668066581,1390.73,0
0.393532385767433,0.3063730844246775,0.9216216445001076,1.5509517336814183,110755,0.764047729,1277.791,0
0.4086091767623772,0.3746262688837119,0.4679230248841882,-3.472372082132892,114995,0.670785994,1370.914,0
0.17105790327196413,0.09833088736646022,0.38352129858025824,-4.406862917034026,64732,0.643595671,971.769,1
0.38426023084994754,0.3829177332641413,0.2648372687744711,-5.7209253534261215,111368,0.733559965,1377.248,0
0.1582705332443003,0.1681693919092958,-0.7985905959333414,-17.495134681436767,60494,0.657557931,962.708,1
0.11738529047028522,0.09868456223793437,-0.8434110065354756,-17.99138357062862,50857,0.779294866,834.328,1
0.1875894305065344,0.1515522455942144,-0.17516079978650065,-10.592557492368327,66649,0.66254095,997.989,1
0.09097109606028808,0.08941033155919495,-1.1388839034387213,-21.262841705542552,47486,0.647425443,849.225,1
0.032004197271773345,0.05026400550306148,-1.9303827791876658,-30.026269630683224,33699,0.681117902,713.775,1
0.1320709720499857,0.13173931949087545,-0.8453285201580852,-18.012614166074908,55532,0.646413348,934.708,0
0.3485500333873891,0.3402854191627247,0.14475467053420124,-7.050472655368241,101977,0.679432242,1259.069,0
0.33779929409520176,0.3328949009737392,0.16376191749460617,-6.840025560752668,102157,0.686586549,1270.564,0
0.17664313650672517,0.1282003896409624,-0.13563542450157007,-10.154934915588454,64021,0.716062129,947.541,1
0.2925116855861872,0.27841810396796224,-0.0030426434274881775,-8.686875622090179,89920,0.735371438,1173.259,0
0.2774396642182581,0.30054196177009124,-0.38785133582970216,-12.947454309133157,86694,0.711227443,1159.779,0
0.2832538395497472,0.24706647492326514,0.19225987306855516,-6.524497911455819,90393,0.697670974,1209.582,0
0.33957359534484405,0.28649272352080013,0.47685314706666665,-3.3734983066840023,100113,0.706597603,1216.979,0
0.10118286749976152,0.06702897423382506,-0.7644913390615896,-17.1175897612198,48457,0.761653373,820.106,1
0.32942859868358293,0.35153387276691667,-0.18492556923219894,-10.70067243209205,97496,0.719887507,1256.322,0
0.15963941619765334,0.12334716211304174,-0.3821265711272348,-12.8840700588258,60597,0.690364202,927.048,1
0.15400648669274064,0.1403988440491069,-0.644416564557923,-15.788129083218573,58991,0.688668657,926.255,1
0.15988743680244205,0.15773011638650797,-0.7274683212146439,-16.707673135418023,60379,0.704257176,944.879,1
0.15791281121816275,0.18545675100171105,-0.9748216112067246,-19.446353878130264,61496,0.630103195,998.437,1
0.23869121434703805,0.2696019423880713,-0.6299141435151921,-15.627559150092948,78125,0.723184154,1103.236,1
0.21205284746732805,0.18508245143735522,-0.21030609684348808,-10.981684106572464,72585,0.676723637,1040.716,1
0.4464418582466851,0.3339678905355336,1.2154764302378758,4.804494239138377,122375,0.7844673,1356.398,0
0.24765334350853763,0.2733065107349051,-0.5242715784696801,-14.457891026777784,80138,0.631720869,1141.189,1
0.11654106648860059,0.12110544993308242,-1.0452647791868936,-20.226296395204155,51829,0.677975097,907.423,1
0.27922350472193075,0.26366564938950804,-0.04902228533942722,-9.195959450589342,87269,0.704841486,1176.227,0
0.11888295335304778,0.1666609779959013,-1.4438415276278596,-24.639314170237917,52070,0.623352166,961.439,1
0.06753791853477058,0.04379257602484848,-1.1207007914081561,-21.06151938327919,40765,0.733384022,763.979,1
0.16379853095487934,0.1443817067641921,-0.45367865724940104,-13.67629045084055,62511,0.683711081,966.438,1
0.8647429171038825,0.6745382440168335,2.0166986902464186,13.675578889712561,212569,0.745808887,1876.028,0
0.8429409520175523,0.5947852548444943,2.505179040219922,19.084003931112246,209242,0.717218816,1827.9,0
0.15226080320518937,0.16298181700338482,-0.8923361622509942,-18.533079950719536,59225,0.699832704,940.413,1
0.07921396546790041,0.043515580411079065,-0.8829426872199901,-18.42907596041327,43443,0.729700613,801.526,1
0.37045693026805304,0.418286152425354,-0.2673576223358715,-11.613355163841803,107983,0.715653732,1391.207,0
0.4799532576552514,0.3856049467412719,1.0928165099200289,3.44641098223947,130059,0.736226499,1396.906,0
0.10599065153105028,0.13770862744521886,-1.4058122944354332,-24.218256788678346,49720,0.748192733,874.091,0
0.18185156920728798,0.18551735263271474,-0.6650913196482471,-16.017038727509036,65057,0.663844642,977.085,1
0.34169130973957834,0.2985010673312584,0.3713959751721098,-4.54111376818752,99561,0.671204732,1212.667,1
0.34118572927597063,0.2876459484290778,0.45905743502568336,-3.5705313595738732,100285,0.687258906,1229.91,0
0.11281121816273967,0.07745945134942925,-0.6735141292246346,-16.11029556830999,50879,0.714770872,841.666,1
0.2252170180291901,0.25768066851912474,-0.625248781964084,-15.575904547729587,76975,0.683852617,1117.107,0
0.19740055327673375,0.1593033867708487,-0.16027309522397193,-10.427721723295306,69097,0.692446491,1003.374,1
0.3781455690165029,0.4160410239846031,-0.11923096927213665,-9.973305774399456,110984,0.687345679,1398.545,0
0.4180196508633025,0.4313889276872316,0.21596933576043947,-6.261988167209455,116783,0.66209179,1419.577,0
0.1266526757607555,0.16016930274698854,-1.2536942494188485,-22.534014947709537,53893,0.708995359,912.259,1
0.2681341219116665,0.3926021945050593,-0.9951932950255656,-19.671907935539682,87172,0.491460095,1299.386,0
0.13674043689783458,0.13819268627741496,-0.9175860148568905,-18.812644799403394,55539,0.674553259,912.153,1
0.6442049031765716,0.47704843347404174,1.8457881299325323,11.783267450180933,163523,0.785231188,1548.609,0
0.7466326433272918,0.4591243658932323,2.9269202243753765,23.753496944494753,185474,0.716808511,1628.157,0
0.027902318038729373,0.04758235741307718,-1.9896894452443221,-30.682909468580792,32564,0.613910617,718.847,1
0.28667843174663743,0.27393381925771365,-0.07192644928246153,-9.449552975545975,89018,0.723343769,1182.575,0
0.22669083277687685,0.24504048894700092,-0.49875796931882865,-14.175405881499302,76912,0.679771405,1131.096,1
0.5761137079080416,0.47595809228282115,1.2909261074923088,5.639868525638406,149156,0.632833301,1529.068,0
0.10020986358866736,0.11027468468608795,-1.2319593770186468,-22.29336774835494,48183,0.655278582,850.782,1
0.2043498998378327,0.2190297116817042,-0.5266595585197867,-14.484330598199769,71591,0.664527251,1099.228,0
0.5367452065248498,0.4835424029905007,0.8544590386928272,0.807331403583279,142159,0.748756786,1510.852,0
0.3443479919870266,0.3850868135521891,-0.2510029121481402,-11.432276796761206,101231,0.725982963,1298.731,0
0.5851664599828293,0.4843222542574692,1.4522410419045948,7.425937772588625,152985,0.690156141,1557.606,0
0.27424878374511114,0.25813512282476647,-0.026337544100747373,-8.944795360611918,85879,0.648281256,1163.528,1
0.24057044739101402,0.21456891042744544,-0.11978382198657905,-9.979426926386754,77437,0.745370006,1081.339,1
0.20950586664122867,0.19201863972743458,-0.34594791469971936,-12.483502151851887,70719,0.706155633,1001.236,1
0.31097014213488505,0.34214217025069116,-0.3028239986615034,-12.006036748387949,95774,0.672344689,1270.266,0
0.7475674902222647,0.5116974452878345,2.4405511710377015,18.368448052403135,187560,0.721829842,1695.23,0
0.361709434322236,0.35106533600759365,0.44766076535380633,-3.6967146004049187,109593,0.713611945,1345.426,0
0.11992273204235429,0.1338518948876358,-1.1243338298187444,-21.101744165949075,52600,0.681695537,897.796,1
0.36379853095487935,0.27907579002375954,0.8210336874051258,0.43724792544175,105429,0.713290393,1268.05,0
0.23478488982161594,0.26596559390011265,-0.5041401959895386,-14.234997571330707,79297,0.665346888,1140.399,1
0.27597538872460176,0.26494457525205045,-0.13301829358778874,-10.125958199592644,85839,0.66879293,1129.072,0
0.19117619002194028,0.19287798689835242,-0.5391023723999896,-14.622096684755379,68018,0.714438491,1020.029,1
0.34712868453686924,0.25279530880488427,0.9021097635281675,1.3349173616556549,100659,0.707426224,1245.034,0
0.19613183249069924,0.1545688621887338,-0.10799098637937876,-9.848857360158448,69240,0.703014672,1001.714,1
0.2517122960984451,0.29491375298053335,-0.6378037407366273,-15.714912295785055,81689,0.733492868,1161.291,0
0.05810359629876943,0.008809949148130068,-0.9269282745198306,-18.916081736236254,38874,0.794371379,734.102,1
0.3643184202995326,0.3149542591760098,0.5066079936275364,-3.044054436011329,103475,0.785177527,1233.824,0
0.3799771057903272,0.34312940028858707,0.45202215543361784,-3.648425551880768,107939,0.670404145,1297.279,0
0.24438137937613277,0.32182007640741345,-0.9352304713242969,-19.00800315968418,80356,0.661007591,1205.819,0
0.23746065057712487,0.1816515882757287,0.26195111614704675,-5.752880661647446,78359,0.67995405,1087.034,0
0.5716302585137842,0.49762777064043956,1.042629484112398,2.8907432524196595,148876,0.682495301,1538.316,0
0.20124010302394352,0.22896108556226719,-0.7487541399402493,-16.943348439508565,70809,0.70311297,1051.553,0
0.25395879042258895,0.23625718655529013,-0.17337718788550535,-10.572809448726439,79715,0.689010979,1068.727,0
0.13886769054659925,0.15658199370946782,-1.0083622340807863,-19.817713636339693,56464,0.636111111,927.283,0
0.25886673662119625,0.17422632795078594,0.5651434164945142,-2.3959537563015822,81032,0.779156886,1045.658,1
0.3915816083182295,0.30736704668122594,0.8322468283398841,0.5613991471389582,108914,0.759967476,1235.078,0
0.24334637031384146,0.19155123429186194,0.19976776356411832,-6.441370999663987,79086,0.731251436,1074.702,1
0.21372221692263665,0.19123402433045023,-0.2121876504842084,-11.002516555263103,71937,0.690789927,1024.256,1
0.11292568921110369,0.08957122419833922,-0.7316628822641025,-16.754115062956775,50732,0.658811365,869.795,1
0.13472288467041876,0.1138456597671965,-0.716549363578542,-16.58677909350154,55147,0.728432118,882.669,1
0.3699942764475818,0.38456131535477767,-0.042463483509170015,-9.123340791389918,105956,0.741658503,1311.161,0
0.24609844510159307,0.2584273183498003,-0.41038490151256557,-13.196944592453322,78641,0.758754595,1091.754,1
0.255155966803396,0.21961748581743396,0.049547657825305264,-8.104598971154703,80973,0.678446719,1092.709,1
0.48604884098063533,0.5367905628351416,0.07789352564096017,-7.790755228366054,129101,0.534714521,1496.062,0
0.1082991510063913,0.13517077073350775,-1.3492276965850574,-23.591755526164704,49367,0.745108064,858.386,1
0.13503291042640467,0.15886959162912156,-1.13495663371882,-21.219359211520842,56089,0.731341251,938.705,1
0.5772822665267576,0.4826503670427121,1.198316115233358,4.614496264002272,149403,0.746736026,1531.955,0
0.36991796241533914,0.32596893153066364,0.45478803736504975,-3.61780187356838,108053,0.715684093,1339.098,0
0.3719832109129066,0.30459031102440154,0.6702495684746259,-1.2322247661687504,105569,0.726967785,1230.233,1
0.16208623485643422,0.1559226728714125,-0.6514681277643953,-15.86620356672434,61464,0.697485902,981.517,1
0.29507297529333204,0.2693599938363513,0.13159942851925682,-7.196126703362511,90160,0.73579464,1166.517,0
0.1891824859296003,0.20162237965805901,-0.7255868115836924,-16.6868411740009,66476,0.644356396,1002.035,1
0.5284412858914432,0.4222368321547023,1.2399090394436172,5.075010618072006,139701,0.729890232,1461.03,0
0.45517027568444146,0.34597642225199854,1.2145339230334296,4.794058856084579,123230,0.672032484,1311.522,0
0.385982066202423,0.3093358218875694,0.8167544755660798,0.3898687494544134,111089,0.729683725,1306.455,0
0.06834398550033387,0.022560045959248543,-0.8876785544209472,-18.481511197089194,40598,0.779432833,737.468,1
0.2472479252122484,0.1769009412286518,0.45053420115852927,-3.664900092079331,80872,0.732483472,1110.44,1
0.12990556138509968,0.11192357816678566,-0.7291020238408944,-16.725761392590485,54175,0.675190536,902.624,1
0.7985691118954498,0.6554819201534152,1.652651618215658,9.644871614125734,196576,0.734399043,1803.686,0
0.09430983497090528,0.058219547334803175,-0.6875418228940838,-16.26560934852459,46805,0.686071949,833.117,1
0.395840885242774,0.3329643074914441,0.6981068438394237,-0.9237906895957395,111707,0.702710238,1316.871,0
0.03946866355051035,0.0021567082973884804,-1.2678633144679206,-22.690893983332522,34787,0.792998657,699.415,1
0.428717924258323,0.37042428793753557,0.7422290674678682,-0.4352720845643184,119773,0.62476017,1392.653,0
0.16494801106553467,0.16506192859212113,-0.6962583676696642,-16.362118407775974,61834,0.755822747,978.631,1
0.27101020700181244,0.29206620397317073,-0.38665301184265716,-12.934186538055782,84780,0.629437077,1182.274,0
0.17272250310025755,0.16140894459100713,-0.5730344261583538,-14.99779034216209,63397,0.746829611,972.472,1
0.07832681484307927,0.10613864073519126,-1.5884038695361125,-26.239899721043365,43838,0.697444367,828.697,1
0.35195077744920344,0.3478537393284182,0.1297390935883664,-7.216724219774714,104468,0.61417513,1317.687,0
0.2569159591719927,0.2244699542050876,-0.0063054676631593915,-8.723001415692414,80799,0.705007428,1074.108,1
0.18561480492225507,0.28136108836266277,-1.3494818089893423,-23.59456904341415,67199,0.686235379,1081.68,0
0.15477916626919774,0.16154203919306792,-0.7938898645313326,-17.443088466212558,59449,0.674039717,939.149,1
0.19082800724983306,0.13724771824427248,-0.024908862982277388,-8.92897708923677,66783,0.764829716,975.425,1
0.0822760660116379,0.08786230770754791,-1.3014083743268412,-23.062302867571322,44052,0.725119048,814.182,1
0.1528713154631308,0.1546669133572749,-0.7812515592587095,-17.303157910723446,58924,0.693394176,935.816,1
0.18923495182676714,0.15379815455763984,-0.23614240962353622,-11.26774220701525,65825,0.769218037,948.889,1
0.1586521034055137,0.15642775553476637,-0.6962298993506689,-16.36180320826109,62380,0.660287081,991.612,1
0.14178670227988172,0.11863061391542759,-0.6348345116690671,-15.682037170217539,56849,0.714254241,909.604,1
0.4186635505103501,0.3384081160820629,0.8526323472296395,0.7871063856210391,116531,0.739561481,1313.092,0
0.11439473433177526,0.12312879576515781,-1.0850917994267137,-20.667258766773575,52692,0.675122045,921.059,0
0.11171420394925116,0.13818912513461284,-1.2830201467676259,-22.858709518517244,51847,0.66134168,928.016,1
0.8849375178861013,0.9828338799365287,2.2563288119586122,16.32874917795892,278217,0.507352075,2697.753,0
0.44662310407326145,0.501663513345558,-0.07123866461772951,-9.44193786512438,123463,0.615745148,1486.769,0
0.11377945244681865,0.11986571595032529,-1.087561659651426,-20.694604910561782,51368,0.658456354,881.836,1
0.41048840980635315,0.32745074780238137,0.8830451878427403,1.1238355268462978,113256,0.690092879,1298.188,1
0.3567633311075074,0.30696893916664547,0.4643226217175108,-3.512235529345966,101921,0.682242863,1217.831,0
0.48361156157588475,0.5621798696228713,-0.0988892921137505,-9.748083948928993,132802,0.73666198,1552.54,0
0.22335209386625965,0.2005867271493787,-0.2092474798666333,-10.969963163105275,74175,0.720924428,1048.486,1
0.14848325860917677,0.12124782411129419,-0.47566831220263783,-13.919758587291227,58879,0.718647085,916.396,1
0.16166650767909949,0.13427248049627535,-0.41436164821466953,-13.24097489264478,60580,0.725925745,920.573,1
0.2026471429934179,0.1741615563615185,-0.22437298521282315,-11.137431848145717,69889,0.678319442,1035.277,1
0.3943956882571783,0.37638699119013036,0.32517768028735217,-5.052839948041177,112975,0.698815436,1378.774,0
0.35424019841648385,0.26705647444636754,0.8871807237906402,1.169623932012326,106264,0.741098519,1292.828,0
0.4943766097491176,0.40844971604600655,1.04682498537055,2.9371955898924855,134796,0.64875817,1459.345,0
0.3745492702470667,0.37692125474918636,0.11237119450726421,-7.409020553315728,106499,0.691085026,1285.063,0
0.2395926738529047,0.18478902622949572,0.17946228444046117,-6.6661920426720895,77493,0.726277372,1059.186,1
0.248974530191739,0.22183020111998733,-0.05087555470200237,-9.216478737454318,79970,0.703864647,1100.836,1
0.2625679671849661,0.29005565155957097,-0.4433509388482394,-13.561942574156467,84460,0.674235757,1176.305,1
0.22463035390632452,0.14097883770984768,0.5639803083241796,-2.4088316199753934,74945,0.706179792,1052.159,1
0.28785652961938374,0.20052919201481337,0.6755104602131199,-1.1739764894057099,87052,0.762151543,1094.576,1
0.7507440618143661,0.5126299040941374,2.499281027062208,19.01870148433334,188848,0.733060891,1679.075,0
0.17861299246398932,0.253400706709774,-1.2666465663913562,-22.67742222184463,64406,0.786145031,1018.553,1
0.4000143088810455,0.3337394644775952,0.7069679507028571,-0.825681047606432,111624,0.740102967,1293.225,0
0.17220738338261948,0.16949961624124732,-0.6066352103861834,-15.36981620326033,65298,0.690843725,1013.202,1
0.5292044262138701,0.6443548065290493,1.137316889486191,3.9391165070583836,176818,0.529774048,2098.263,1
0.1448011065534675,0.07086464667495254,0.002244448126470678,-8.628337262546843,56989,0.730654294,875.659,1
0.16462367642850328,0.17230640480723508,-0.6318623639536677,-15.649129729556767,63250,0.744124224,982.788,1
0.10585710197462558,0.10520446991078194,-1.0280408080528864,-20.03559362323275,49203,0.667775392,861.58,1
0.10573309167223123,0.13641942416083486,-1.3650075671780089,-23.766469303841934,50165,0.680708836,873.837,1
0.6051702756844415,0.48381014157683994,1.5355585275440846,8.348423960095488,157353,0.594050406,1570.502,0
0.3771868739864543,0.4102164776514789,-0.08852072264504526,-9.633283771683216,108119,0.646932785,1360.497,0
0.290599065153105,0.21354343335300177,0.5546568628373444,-2.5120602473825335,87873,0.733663131,1106.033,1
0.1359486788133168,0.13666180800653852,-0.7583418680888189,-17.04950318864365,57109,0.704444444,957.132,1
0.2750739292187351,0.2785290949920738,-0.21708060055220363,-11.056691003990672,88806,0.685808886,1238.163,0
0.193704092339979,0.1304575426406457,0.19857896569154534,-6.4545332981751455,67971,0.676864225,998.793,1
0.3811933606791949,0.32097436952790465,0.5937815811901042,-2.0788737200467793,108094,0.787014132,1259.934,0
0.14882190212725366,0.15331214266928764,-0.8272796019139619,-17.812777629340136,58274,0.659853078,931.451,1
0.3843079271200992,0.35257895038171044,0.42976726360684386,-3.8948303750350552,109992,0.697561586,1347.989,0
0.31364590289039396,0.35347356388154905,-0.2518829874948439,-11.44202093804281,97149,0.672892643,1293.559,0
0.3245921968902032,0.22180844769516225,0.9266951926547178,1.607125753556791,95370,0.723317129,1157.771,0
0.3266812935228465,0.23826140303752594,0.7687299517601208,-0.14185588832791066,96072,0.767668921,1174.166,1
0.28647333778498524,0.31813798758013245,-0.3232608369424121,-12.232312192080819,89794,0.584770469,1246.2,0
0.33891061718973575,0.4089489566468181,-0.43889929073422324,-13.512654194108734,101271,0.553411373,1352.482,0
0.1736382714871697,0.2266189040578465,-1.135944575008083,-21.23029763802781,64962,0.701161946,1026.109,1
0.7147763044929887,0.6316072717196574,1.2384821987336545,5.059212723589108,179961,0.592162706,1739.277,0
0.6034579795859963,0.4776094579586148,1.4819274452734101,7.75462384435733,155600,0.721207805,1560.016,0
0.27903271964132403,0.29204409922890845,-0.26321331844178764,-11.567469680503219,88842,0.729824958,1183.981,0
0.30505580463607745,0.2720377963327164,0.15149991974941707,-6.975789661941721,91337,0.713846277,1176.657,1
0.5628112181627397,0.3157429560210491,2.857075311187363,22.9801782684806,146328,0.750260314,1422.014,0
0.1059572641419441,0.09183225091274747,-0.9654729921322123,-19.34284653027514,49089,0.721187789,840.545,1
0.30546599255938184,0.3099858057409488,-0.14275346446361406,-10.23374542573178,92412,0.624797395,1198.853,0
0.43151769531622625,0.3406403045376529,1.0122775930280121,2.5546889407087945,120546,0.742643053,1351.422,0
0.3793475150243251,0.2944726501094119,0.8509099489159714,0.7680360951346095,108211,0.726297937,1254.861,1
0.6319278832395306,0.5031270200559866,1.4768318802318028,7.698206054833954,161901,0.641322804,1604.103,0
0.22337117237432033,0.19570857874931244,-0.09919558810101062,-9.751475239669077,74373,0.777794531,1050.221,1
0.16963178479442909,0.1384360967378668,-0.3812505826876852,-12.874371167534282,62329,0.74359819,933.366,1
0.4397834589335114,0.39870196534064745,0.6815550118973881,-1.1070515768785139,123587,0.730067672,1432.006,0
0.27588476581131355,0.2568672946909775,-0.013584253305261288,-8.803591692332732,86345,0.653494033,1153.434,1
0.30058189449585043,0.24249905139475458,0.41602668366684736,-4.046965249313749,90865,0.717962253,1141.296,1
0.20040541829628922,0.15989080336680436,-0.13598745664069525,-10.158832594249889,69607,0.745026085,997.276,1
0.15469331298292474,0.1951133468185639,-1.094063348804617,-20.76659122163739,59968,0.714780201,978.85,1
0.1642421062672899,0.14378636131229744,-0.5308897154703205,-14.531166641413293,60648,0.700286801,916.044,1
0.44036535342936184,0.330455563381321,1.191032390494946,4.533851301984812,120922,0.724300244,1361.884,0
0.42402938090241343,0.4600085338925461,0.1455436116522158,-7.0417375467828265,120657,0.649487407,1455.893,0
0.4386482877039016,0.38189896430454506,0.7036332385105116,-0.8626027803392236,121057,0.712064948,1374.171,0
0.2751311647429171,0.2265707740724808,0.228864081954198,-6.119218313272444,84531,0.718458106,1112.784,1
0.2959171992750167,0.23753455746322982,0.38808231697074513,-4.356363595866385,89063,0.703574648,1120.019,1
0.03924449108079748,0.03737734145780713,-1.6701123580331265,-27.144571189007507,35376,0.788048575,719.935,1
0.61581131355528,0.5128175209847298,1.282476623995222,5.546316352792526,159694,0.750048547,1585.782,0
0.15222741581608318,0.13528639370547868,-0.6515115454016298,-15.866684284191216,58973,0.716762355,919.044,1
0.3122627110559954,0.28074130268922853,0.23685626994728493,-6.03072928872984,93717,0.637612812,1208.575,1
0.23238576743298675,0.24762535559468776,-0.4786780982724684,-13.953082757547433,78032,0.706459362,1095.055,1
0.8722550796527712,0.5824681929986317,2.822449641469918,22.59680493691215,212813,0.771748314,1755.167,0
0.35739769150052464,0.3306490282956117,0.2636737805197694,-5.733807425371174,104255,0.639614136,1289.209,0
0.15905275207478775,0.18382961936921102,-0.9895607007817961,-19.609544191004822,59845,0.757476883,945.191,1
0.06811981303062101,0.035143162364859655,-1.0447073534573976,-20.22012461106936,41860,0.663039663,791.464,1
0.280969188209482,0.30222344191046424,-0.324054167034629,-12.241095895124502,88521,0.708450645,1202.583,0
0.7428169417151579,0.938277064134926,0.778144023362862,-0.037623854018737225,225592,0.414153748,2352.029,0
0.6184775350567585,0.49898560691773275,1.420706314270846,7.076787165778471,159681,0.761057039,1564.694,0
0.1583706954116188,0.16954795318240098,-0.8475661688397562,-18.037389277631515,60664,0.784413741,970.932,1
0.166040255652008,0.19393214853746,-0.9816995258691441,-19.522505735405293,61711,0.736289139,971.185,1
0.17334255461222933,0.19510995427280636,-0.8777270415245738,-18.371328645116577,63756,0.632188028,989.499,1
0.2559763426500048,0.2199655266188766,0.07577320100122362,-7.814231335190146,82562,0.71950598,1114.488,1
0.21077935705427836,0.2241487240918561,-0.5983251518366778,-15.2778077350444,71648,0.719385856,1071.644,0
0.27380520843270056,0.2624040831909934,-0.1019676994151533,-9.782167889331994,84950,0.742458211,1130.673,1
0.7726986549651818,0.5637517745137003,2.1570162579596084,15.229166556052622,189799,0.71394663,1682.478,0
0.18131737098158923,0.19030960841959368,-0.609709874856806,-15.403858703266152,66639,0.676634437,1008.276,1
0.17197844128589143,0.18928521692350708,-0.8263499575646306,-17.802484663044172,64321,0.737472545,1006.984,0
0.21157588476581132,0.18781651117785012,-0.2515293469987183,-11.438105451749449,72724,0.71260281,1027.513,0
0.27222646189068017,0.2707682525522914,-0.20065813132427707,-10.87486241289432,85611,0.649910941,1174.203,0
0.15207478775159783,0.19058798598484936,-1.150495326778587,-21.391402686063117,58786,0.769151222,949.936,1
0.28364017933797575,0.25233973185804554,0.4279525748078374,-3.9149225002217216,90768,0.673805327,1172.642,0
0.10714490126872078,0.1263803678273714,-1.257822621776675,-22.57972403803733,49187,0.773237024,860.402,1
0.06735667270819422,0.07853437167783962,-1.4813442599550548,-25.05454216589898,41446,0.722972478,790.531,1
0.07162071925975388,0.08245804827730782,-1.5056291883807007,-25.323423432121842,41209,0.722204347,761.949,1
0.5170132595631022,0.46089767608783205,0.9231559710682639,1.5679397051184496,139806,0.679589556,1502.661,0
0.3603023943527616,0.3104341727991071,0.6506960522610816,-1.4487201210842227,105549,0.686192924,1310.51,0
0.007254602690069637,0.02608166525987617,-2.2160371067034617,-33.18901715615568,28607,0.693487281,678.815,1
0.3186158542401984,0.19320705904198893,1.396598571174299,6.8098676848575534,95920,0.747599585,1190.813,0
0.12717733473242393,0.11413504046025053,-0.8173093228521396,-17.702387299512893,53550,0.695051277,893.451,1
0.6815272345702567,0.5578473702011902,1.480303498812695,7.736643606862618,174282,0.681538723,1685.283,0
0.4658447009443861,0.5086580275305149,0.049250491864600524,-8.10788917479015,128101,0.641284069,1522.028,0
0.747748736048841,1.0,0.34776244133384054,-4.802782832735553,221527,0.379856115,2303.69,0
0.3433654488219021,0.3607309716584512,-0.039778979640891166,-9.093618126095969,101317,0.708423059,1281.252,0
0.3643279595535629,0.32692975973790084,0.37840861373864015,-4.463470255952965,104567,0.684337933,1266.657,0
0.11592101497662882,0.14390816094909284,-1.3048189353550408,-23.10006439405061,52077,0.724950397,919.419,0
0.20207478775159782,0.16013168046551535,-0.056182372634545,-9.275235506274331,69536,0.655261122,1032.358,1
0.4955880950109701,0.5040000458770572,0.31201640893410004,-5.198560752506385,133475,0.689689754,1531.744,0
0.2603643995039588,0.27691250397941514,-0.27994099141453377,-11.752677469097076,83384,0.691161601,1162.608,0
0.1475722598492798,0.09348153251654176,-0.25112988633207767,-11.433682647285297,58178,0.727739018,915.496,1
0.1590861394638939,0.15532168920259518,-0.6422683097186352,-15.764343734905705,60701,0.714819412,948.233,1
0.20071067442525994,0.2577994121563002,-0.9335088311789173,-18.988941263591418,70674,0.611693881,1105.042,0
0.7602642373366403,0.666715352681025,1.3222874446392843,5.987099363412495,192699,0.645353264,1791.568,0
1.0,0.7092834072046446,2.6748612098729874,20.962714703163666,239093,0.711672732,1942.05,0
0.32453973099303635,0.3136184662171532,0.08920050140384851,-7.665565073098147,98337,0.7129884,1258.966,0
0.1359772965754078,0.12109243841404871,-0.7360120016202321,-16.80226825076669,55392,0.745944749,889.626,1
0.31997042831250594,0.25761324201236874,0.5545905481177392,-2.512794479967622,95982,0.746163157,1204.61,0
0.20190308117905179,0.19217543510850105,-0.42519293439069844,-13.360898241430824,71102,0.736994471,1024.993,1
0.14533530477916626,0.09489812920515407,-0.29183945246697884,-11.884416513899295,58630,0.681452744,915.13,0
0.21995134980444528,0.34316034840788434,-1.3011926804501592,-23.059914717947727,75157,0.500546035,1182.852,0
0.22039492511685585,0.20952187664425373,-0.3548177234946844,-12.581708141103489,74045,0.718536732,1069.77,1
0.21654583611561576,0.17756628983222003,-0.10171073637812558,-9.779322810048354,71954,0.7461579,1003.769,1
0.3045359152914242,0.21259575545606257,0.8170574128078134,0.393222852366134,92014,0.696992892,1144.036,0
0.3955308594867881,0.29802713676241177,1.1339113835800565,3.9014109505864174,112497,0.686944665,1306.577,0
0.15186492416293046,0.16691436445104202,-0.9380711538589118,-19.039455025774004,59307,0.649981827,953.496,1
0.21971286845368693,0.22332549271459928,-0.29385227524496954,-11.906702366578884,73864,0.751833496,1101.502,1
0.2653534293618239,0.15825640508505087,0.8632414820956554,0.9045700884702104,82552,0.757559607,1063.868,1
0.23691214347038062,0.2580586646481978,-0.5129599996850771,-14.332649907130431,78952,0.685461187,1130.395,0
0.2592816941715158,0.2803100832852865,-0.4555131424425316,-13.696601760511742,81718,0.738448432,1120.963,1
0.08881045502241725,0.17332185910487383,-1.8561273410135675,-29.204117887419276,48490,0.644743975,901.17,1
0.3635934369932271,0.28233000469237846,0.7780934301328909,-0.03818401921661275,104508,0.750241792,1238.627,0
0.30996852046169987,0.33045919489168285,-0.26948711100971107,-11.63693273430005,93826,0.643559069,1251.679,0
0.2740913860536106,0.26499341720679587,-0.06626336026989381,-9.386851594765954,85292,0.746436873,1139.84,0
0.11345988743680244,0.07231385179441882,-0.6001779510949059,-15.298321816942334,50672,0.727613045,845.128,1
0.206238672135839,0.24137366638124325,-0.7520495894176108,-16.979835457823622,70932,0.738242255,1097.292,1
0.08158447009443862,0.10952526719431986,-1.5674815975054712,-26.00824958408364,43904,0.665893562,823.796,1
0.8590575217018029,0.5275598058309229,3.1947129692291587,26.71848210152495,209486,0.76928865,1736.839,0
0.06287322331393685,0.06130617122788731,-1.4529507515648186,-24.740170949535262,39909,0.716030818,757.295,1
0.20572832204521607,0.19128325687050882,-0.3490096623032379,-12.517401637082386,70759,0.712858926,1049.093,1
0.3865925784603644,0.3569109559345698,0.3742017979690521,-4.510047867015578,108790,0.750751174,1302.472,0
0.134074215396356,0.16441543810579107,-1.190404155177027,-21.8332708326421,54875,0.691175711,921.762,1
0.5581799103310121,0.3971355723161504,1.75904244134894,10.822824405963479,144862,0.770643939,1449.803,0
0.2095297147763045,0.21741302373546412,-0.5154194035888428,-14.359880279162315,72170,0.661674303,1066.388,1
0.11603548602499285,0.09941892936570133,-0.8226550374184083,-17.76157472952098,52250,0.650107229,877.43,1
0.09699513498044453,0.0849694703720018,-1.0295867772052982,-20.052710500662084,48658,0.648829289,875.764,1
0.3611370790804159,0.3350381724365672,0.2932201668095705,-5.406671614276016,105500,0.67,1307.683,0
0.5669321759038444,0.4933793226122612,1.017070732941558,2.6077582974122118,148528,0.800255194,1547.081,0
0.1121196222455404,0.11983138033929416,-1.14010566662847,-21.276368994061844,50468,0.663815575,875.174,1
0.3896546790041019,0.40331371382268394,0.08459932009856509,-7.716509075641678,112201,0.729520929,1354.715,0
0.19846894972813126,0.14638149993903113,0.05712642605330712,-8.020687305374262,69844,0.757604541,1006.22,1
0.08669274062768291,0.09186999384283598,-1.3261427445132257,-23.33616032592466,45174,0.696283865,817.41,1
0.21977010397786892,0.1794483554878135,-0.013827183227416405,-8.806281397812922,73265,0.715484271,1036.94,1
0.2079318897262234,0.22692221364001786,-0.6117452966510069,-15.426394770893364,73278,0.728765213,1105.79,0
0.2739626061242011,0.2216984672165955,0.30556226833506656,-5.270020608851518,84981,0.745434745,1115.811,1
0.28888199942764475,0.23363277230230878,0.3519819779270167,-4.756064377479627,87690,0.714817957,1104.717,1
0.15138796146141373,0.11146718635582985,-0.31699460805336743,-12.162932882881401,59943,0.693625546,952.023,1
0.23647333778498522,0.31066859655759754,-0.9043704714570956,-18.6663230981046,78159,0.712414947,1157.089,0
0.11550605742630926,0.11012080858682287,-0.9968921881218765,-19.69071797767392,51007,0.760809215,855.392,1
0.6648621577792616,0.563374131388739,1.3629583521932997,6.4374052045451435,169000,0.757757749,1654.986,0
0.338118859105218,0.2870490795130353,0.4146524646371038,-4.062180519719685,97865,0.704057157,1181.921,1
0.2861919297910903,0.23080068303486123,0.369725946482712,-4.559604225345285,88615,0.710499821,1156.718,0
0.23307736335018603,0.2292413636995875,-0.26415250690958736,-11.577868318704567,76702,0.726470473,1080.034,1
0.3486501955547076,0.21010910326075713,1.4252970312534077,7.127615307970499,100682,0.729864528,1193.908,1
0.4257416770008585,0.3660919486895264,0.6894700047557872,-1.0194172522220817,118314,0.681904966,1340.897,1
0.24393780406372223,0.23590510396043926,-0.26183023344410095,-11.552156246633713,78857,0.731227487,1068.375,1
0.3887722980062959,0.3319653054662066,0.683589479479787,-1.084526074226956,109314,0.715983148,1284.69,0
0.19749117619002193,0.1770226133485434,-0.3617539831076923,-12.658505990160624,69506,0.684109182,1024.169,0
0.17098158923972145,0.159910437471055,-0.5538235880076497,-14.785089098138293,63504,0.718720657,974.079,1
0.47025183630640083,0.3968558261472146,1.5621075685254788,8.642373344296322,138078,0.667621591,1539.944,0
0.5008156062195936,0.37097575655933257,1.4368052336817518,7.255033432769848,132727,0.719183673,1393.974,0
0.5229848325860917,0.46271268599465915,0.9418161509916261,1.7745440943840776,139124,0.634567669,1509.374,0
0.21174282171134218,0.18027958582938838,-0.11386413801868381,-9.91388454170153,71504,0.693937827,1024.207,1
0.08541448058761805,0.10192919305226184,-1.4338601901114376,-24.528801401866772,44714,0.713838189,814.68,1
0.3404321282075742,0.3004525645154942,0.458074612872693,-3.581413107312065,101717,0.78868349,1248.75,0
0.15370123056376991,0.1643358855708589,-0.8886757177571908,-18.492551729545408,58810,0.647718841,934.684,1
0.35079652771153297,0.20979044305374503,1.4485333369205742,7.384886286110639,100747,0.740420596,1176.6,1
0.10708766574453878,0.11270704409737059,-1.114984168512892,-20.99822527857127,50166,0.702770596,868.06,1
0.30902890393971194,0.3118200992101314,-0.08769608760419813,-9.624153462132021,92321,0.752003469,1180.478,1
0.15669178670227987,0.12786099420050065,-0.4699218026735605,-13.856133579572106,59977,0.721190282,940.22,1
0.18736048840980635,0.18007001840704956,-0.5138613717589279,-14.342629844493517,67524,0.655845605,995.692,1
0.2559906515310503,0.2965126650185432,-0.35055541940858304,-12.534516166739358,82555,0.578255972,1175.034,0
0.0861108461318325,0.06606682899986668,-1.0537338410297061,-20.320065338315818,45133,0.690855598,803.748,1
0.184016979872174,0.13915784980020174,-0.1320210362306763,-10.114916626143026,65403,0.756999834,953.445,1
0.20515596680339598,0.17867527376151815,-0.09815453702318606,-9.739948784778951,72981,0.725744843,1079.973,1
0.31612133931126585,0.33670501819796067,-0.22821274550861806,-11.179945443089457,95741,0.700032075,1244.563,0
0.3251550128779929,0.2760336808044729,0.42199047942605483,-3.9809344615294697,95750,0.687069934,1198.259,1
0.29795859963750837,0.20105546917981515,0.9286164211018912,1.628397479317113,90968,0.728499171,1144.344,0
0.13817609462939998,0.17749365159038136,-1.2310485748516369,-22.283283401567836,56006,0.699917592,945.828,0
0.45964895545168366,0.33809024093338763,1.3775777231949313,6.599270000578445,125067,0.759912623,1357.888,0
0.3108461318324907,0.3213144828989022,-0.15139691301432653,-10.329445167979873,95477,0.673231039,1328.744,0
0.6584708575789373,0.4783564421323918,1.9391815200790896,12.817313446088956,167471,0.704685775,1621.959,0
0.38137937613278644,0.3254972116435878,0.5508759315995941,-2.5539224905355447,108072,0.769034792,1266.876,0
0.28483258609176765,0.20301682533865426,0.6855576563479087,-1.0627345383749403,88056,0.776944987,1139.446,1
0.36547743966421825,0.29580800777428473,0.7530081040462687,-0.3159272401791824,106036,0.637828409,1266.255,0
0.29429552608985976,0.22141459294707877,0.5152607062345532,-2.948252122689282,88754,0.742231578,1154.562,1
0.29110941524372796,0.1834232114631597,0.926322671967833,1.6030012269274267,87929,0.748622661,1080.007,1
0.31691309739578366,0.30807297455886046,0.06927527268280864,-7.886176006529417,95560,0.710370382,1252.762,1
0.17493561003529523,0.16424168064388867,-0.5325979886486899,-14.550080539251654,64811,0.650566038,1004.245,1
0.4021463321568253,0.41599246103787996,0.04254142668100516,-8.182171540795883,113425,0.580625185,1405.868,0
0.24478202804540686,0.3011875394219999,-0.7631133972055055,-17.102333271904637,78694,0.658392557,1135.68,0
0.13042068110273777,0.10930653799345758,-0.6954099653532926,-16.352724948380327,54438,0.695879962,894.48,1
0.1199942764475818,0.07936345146756582,-0.5466896585186724,-14.706102660108886,51771,0.835454545,847.664,1
0.6719832109129066,0.4881386395077115,2.035414868599523,13.882803290222679,168292,0.719282081,1580.961,0
0.5765572832204522,0.46960908473426155,1.3426950004204772,6.2130505930305375,150416,0.695421481,1535.287,0
0.1625107316607841,0.15748546756067705,-0.6477168691129467,-15.82466985666136,61585,0.709619286,966.329,1
0.3275589048936373,0.28832758433653244,0.44249244016192746,-3.7539379859338777,99085,0.70929382,1259.451,1
0.5351330725937232,0.5493489694712863,0.37552632596908264,-4.495382772700548,142650,0.731637667,1590.354,0
0.28507583706954115,0.254838892761829,0.11447520552593367,-7.385725069922445,87057,0.702560887,1140.684,1
0.3226891157111514,0.3174137610267982,-0.004547439440868337,-8.703536633001683,95156,0.632396721,1216.104,0
0.11290661070304302,0.09871008000322948,-0.8806138202909795,-18.403290885911026,50835,0.698607314,867.582,1
0.20381570161213394,0.2070363457942418,-0.4755640650633288,-13.9186043692377,70719,0.6593012,1026.686,1
0.20705904798244779,0.1696833578620305,-0.024674222900184183,-8.926379168366918,71879,0.700929152,1041.27,0
0.4110512257941429,0.3440397417803639,0.788632527452961,0.07850423213824147,114128,0.734758929,1303.224,0
0.2940570447391014,0.3517451612786862,-0.36558834220460534,-12.700959783355351,96247,0.636981038,1271.343,0
0.43732710102070016,0.35054347061644753,1.201452303360133,4.64921995022693,123305,0.70883156,1419.16,0
0.8560383478012019,0.4807934933622752,3.721005828289729,32.545564968230686,209457,0.751009036,1726.246,0
0.12809310311933605,0.13713458884980514,-0.9547826112323482,-19.22448327622805,55774,0.714434188,934.547,1
0.08746542020414004,0.09809040409282112,-1.351049955064275,-23.611931462395177,45021,0.697068248,818.873,1
0.3249833063054469,0.3249018651549703,-0.006242971791208234,-8.722309465158759,97653,0.658798253,1258.548,0
0.31955070113517126,0.18502478917465712,1.3248229914441765,6.015172785063876,93772,0.749006827,1135.662,1
0.24643708861966995,0.19389384655460412,0.1665227423035306,-6.8094578745963785,79255,0.732267077,1095.283,1
0.2562195936277783,0.2318936705906074,-0.048446135453807396,-9.189580353724637,81999,0.72851683,1100.85,1
0.07581799103310122,0.05507048110939217,-1.0972981948300797,-20.802407242179743,42505,0.732383622,798.515,1
0.17713917771630258,0.17050920942656228,-0.5126178417376851,-14.328861554925702,65994,0.707307692,1006.598,0
0.7996041209577411,0.5643908924754613,2.439422672549535,18.35595338504771,197672,0.631120527,1744.271,0
0.48059715730229896,0.3281843980363353,1.8290427710341144,11.597863844082262,134778,0.624908356,1549.185,0
0.3526948392635696,0.25561359358995,0.9546407016043612,1.9165367470719015,101942,0.720765368,1191.348,0
0.06941715157874655,0.03397625025346644,-0.9206040447565702,-18.846060244847628,41594,0.70757157,777.663,1
0.3589716684155299,0.26920753066066594,0.9195970631121065,1.5285356903793472,103883,0.724719182,1257.029,0
0.39771057903271967,0.3195421354310083,0.7994927280470041,0.19874771962066048,111241,0.770049274,1267.646,0
0.4025755985881904,0.3257952710023427,0.801092099052806,0.21645585915736174,112766,0.744780007,1290.239,0
0.12935705427835542,0.09339234351363622,-0.5648490652874789,-14.907162519140481,53588,0.756163594,862.778,1
0.2931651244872651,0.299158216105467,-0.11765138865912654,-9.95581675290089,90550,0.607853978,1207.534,0
0.34422875131164743,0.32589536930963353,0.1485966513228699,-7.007934475261018,100259,0.777045002,1229.813,0
0.15970142134885051,0.16782789658681205,-0.8493619974524449,-18.05727258397015,60490,0.734956305,940.363,0
0.19751025469808262,0.17179711875130743,-0.2741696263683798,-11.688777262588522,68732,0.697662517,1006.375,1
0.08755127349041306,0.09755146037829576,-1.3730427907235199,-23.855434815431384,44836,0.670082721,802.261,1
0.1581512925689211,0.12901897896231257,-0.450746730461675,-13.64382833387075,60738,0.700500144,966.758,1
0.13092149193933034,0.14873763612104862,-1.0032746888192967,-19.761384641339205,55143,0.817388614,928.274,1
0.3418010111609272,0.4180471822486348,-0.4566436453756162,-13.709118620960687,102899,0.616301518,1399.672,0
0.039006009730039114,0.046555061019718014,-1.735978169996413,-27.873833495697397,35794,0.68155052,751.413,1
0.09797290851855385,0.07893480054434936,-0.9147648586564557,-18.781409127710642,47336,0.699599385,844.162,1
0.07304683773728894,0.06290239452532732,-1.262475144477997,-22.631236489428414,41924,0.721615488,771.797,0
0.1720690641991796,0.18631231037630566,-0.8175517166552952,-17.70507106911578,63117,0.786776754,966.493,1
0.5194886959839741,0.4861409993469378,0.6780864459940856,-1.1454553298445926,138133,0.74243622,1497.515,0
0.4939425736907374,0.44990148668635477,0.6908340555285251,-1.004314564145855,132108,0.604408842,1446.923,0
0.38896785271391776,0.3535280598632397,0.40213210354406476,-4.200805204349541,110118,0.773187379,1285.854,0
0.1833444624630354,0.2172220962002151,-0.9070402960670797,-18.695883235534005,66445,0.66740908,1047.037,1
0.14939425736907375,0.08783498721090209,-0.13546080974305055,-10.153001591489282,58143,0.778285573,904.508,1
0.23497567490222265,0.2583398282763757,-0.4577789633774819,-13.72168879356144,79014,0.59261729,1157.109,0
0.4149146236764285,0.3923617174517571,0.36589296369129204,-4.60204278016841,115602,0.614705496,1366.74,0
0.0766526757607555,0.07282373927915821,-1.236554813048675,-22.344248139556555,42792,0.682773386,782.362,1
0.19130020032433465,0.18102406359621728,-0.47935801319038546,-13.96061073460584,67299,0.697943308,989.581,1
0.656753791853477,0.6097478702394974,0.9548982387688262,1.9193881830599795,167442,0.763778569,1687.178,0
0.18598206620242297,0.18315691081133767,-0.534448993508623,-14.570574753679638,66125,0.664375716,981.544,1
0.11870170752647143,0.10337126033528199,-0.8444811600730535,-18.003232246201943,52016,0.687507692,868.951,1
0.2701564437660975,0.22222857429478415,0.27697427477575676,-5.586545153304393,84427,0.686375085,1106.355,1
0.15774587427263187,0.08439443885533075,0.07794172033853866,-7.790221619574503,60254,0.774756149,908.357,1
0.18888199942764475,0.1888443528873997,-0.5516864316318423,-14.761426631345248,67847,0.67011755,1048.186,1
0.6853524754364209,0.543374574318186,1.6420343875526506,9.527318275099423,173362,0.682988899,1629.634,0
0.19497281312601356,0.25779394409150636,-1.022363741937878,-19.972737488815554,70487,0.628014974,1126.765,0
0.6957788800915768,0.4976445743618684,2.0951938394917398,14.544672458839402,174156,0.771737563,1592.095,0
0.2707908041591148,0.28013028859777556,-0.15359563105472385,-10.353789241818887,86909,0.630243012,1222.158,0
0.06838214251645522,0.05965840920053044,-1.3003586533245894,-23.050680419799637,41587,0.724282537,781.97,1
0.34038920156443764,0.32639944959163464,0.14913861362001127,-7.001933901318765,99964,0.694107266,1258.683,0
0.40785080606696555,0.3799045710299761,0.4155396855698838,-4.052357262939014,115550,0.7304361,1365.577,0
0.22801678908709339,0.22735688701554302,-0.3732656423033208,-12.785962388079337,75563,0.740115679,1050.909,1
0.12954306973194696,0.1720132770092275,-1.3059176512324835,-23.112229310132225,54649,0.703402763,929.471,1
0.19868835257082895,0.17575798855860184,-0.32530595088794045,-12.25495557062432,68626,0.756943504,989.016,1
0.5738147476867309,0.47371830426037,1.3391584114183668,6.173893692407636,151644,0.6485275,1595.364,0
0.1708146522941906,0.12640873709871508,-0.16403258170171775,-10.469346531355951,64553,0.707449022,997.264,1
0.38889630830869026,0.47363496885354783,-0.3933830476810226,-13.008701089889255,111428,0.522278775,1425.109,0
0.2244586473337785,0.2282248030891358,-0.4591198290039082,-13.736534777092833,74481,0.709103722,1055.302,1
0.2678574835447868,0.20179694304234444,0.3865251193259908,-4.37360479448728,82807,0.711719732,1057.448,1
0.31139940856625015,0.2599671616810498,0.41607114753630964,-4.0464729480266035,92030,0.740107415,1163.021,0
0.18282457311838216,0.2357719068524121,-1.0847824987725199,-20.663834208542,65950,0.7229673,1023.064,1
0.46375083468472766,0.36033637941168917,1.362990223267591,6.437758079161907,131499,0.643253594,1429.352,0
0.25567108652103404,0.1775534593509045,0.49216338741772564,-3.203984246785775,80355,0.708897225,1071.385,1
0.12011351712296098,0.1110786972961641,-0.9236097019099222,-18.879338699989034,51743,0.720863268,873.777,1
0.2730372984832586,0.3184516642606672,-0.5420193178623727,-14.654392929392456,87501,0.633078974,1243.987,0
0.23915863779452448,0.24996544862103712,-0.4100498071330449,-13.193234447647026,79168,0.658669736,1143.294,0
0.18834303157493085,0.21717414647502548,-0.8308506025542816,-17.852315533550627,67701,0.77052354,1014.789,1
0.12563197557950967,0.12375567508472911,-0.9146305248389309,-18.779921791766327,52913,0.751889645,903.308,1
0.4356004960412096,0.4476300770635605,0.48709341605704315,-3.260118664614009,127342,0.60261772,1488.324,0
0.20813221406086044,0.19074720470545012,-0.3366410148854593,-12.38045671713589,70649,0.721042955,1015.771,1
0.27983401697987215,0.29435949505605535,-0.18540417546645543,-10.705971531518392,86710,0.622017819,1179.024,1
0.3767909949441954,0.34116993407540397,0.46401521548381386,-3.515639112667791,108197,0.772169783,1315.843,0
0.5437947152532672,0.3846740089368999,1.8762970478715226,12.121060353777144,144034,0.69363089,1471.508,0
0.10234665649146236,0.0509778802496936,-0.5730398733674484,-14.99785065333341,47739,0.759090614,799.991,1
0.04698082609939903,0.054329765998358745,-1.6196200944731274,-26.58552388516066,37418,0.706832223,750.909,1
0.31783363540971094,0.2955769713779378,0.1199850665271106,-7.324720220464297,94643,0.751860779,1204.623,0
0.3090193646856816,0.21327694609107659,0.8056609411798955,0.26704180426588686,91793,0.762549046,1136.669,1
0.1379805399217781,0.16351155617457144,-1.1216612365942222,-21.072153374586094,55960,0.655895281,930.627,1
0.1078889630830869,0.0997606031340963,-0.9076424397224295,-18.70255013385303,50679,0.677051307,889.743,0
0.1681913574358485,0.12794725485028027,-0.24524705654455364,-11.368548309867501,62580,0.721542781,941.486,1
0.0772965754078031,0.11021056817603687,-1.5236351070803915,-25.522783880488078,44753,0.572669696,870.063,1
0.2963703138414576,0.28071404089701096,-0.023944873009389477,-8.918303850263477,90546,0.758650579,1184.04,1
0.28741295430697317,0.3163886360493338,-0.3190457873451956,-12.18564341657416,92673,0.6810436,1226.892,0
0.4965467900410188,0.35269127476092715,1.7011404910912697,10.181737496865805,136555,0.647529753,1447.684,0
0.7807020890966326,0.5881584569045523,2.0516378615505215,14.062423291984041,195810,0.612143209,1831.909,0
0.028083563865305732,0.050614939927416426,-1.9622873089048607,-30.37951466390906,33540,0.658393331,727.561,1
0.24623199465801773,0.2586492309375962,-0.3004381170771845,-11.979620411052897,81325,0.654279767,1131.53,0
0.21727558904893637,0.13008488317175226,0.4723953935974708,-3.422854284856907,72330,0.76010929,993.05,1
0.0821425164552132,0.07065197880350374,-1.0845659126978002,-20.661436180555416,44944,0.673127962,840.167,1
0.3151626442812172,0.2690169333216272,0.3754299025663763,-4.496450366813192,93852,0.717702448,1182.21,0
0.2592196890203186,0.24021952915690567,-0.08536585837280294,-9.598353304299751,83306,0.749044143,1154.54,1
0.24044643708861968,0.1494865738693432,0.693400653225656,-0.975897348884044,79230,0.741100324,1065.191,1
0.606811027377659,0.5669625857457679,0.8587869653448995,0.8552499470491082,158488,0.61471504,1755.968,0
0.1332538395497472,0.16273199985523829,-1.1457441401772446,-21.338797833907943,56030,0.706141745,934.49,0
0.1317323285319088,0.13963597145053902,-0.9523598874703227,-19.197659024518348,55456,0.691695375,936.371,1
0.2679719545931508,0.2913856708795897,-0.41769425794033893,-13.277873346993047,84540,0.733213483,1162.256,0
0.0883048745588095,0.10169059492943579,-1.2640777702062362,-22.648980665056094,46443,0.648741706,884.495,1
0.1941572069064199,0.12642598026101878,0.13050453148946814,-7.208249337392691,67032,0.738719809,944.713,1
0.35290947247925214,0.31201200307907295,0.42184289066638564,-3.9825685553956145,102653,0.6870381,1260.343,0
0.10185538490890013,0.1009841375456335,-1.1010884081281316,-20.844372255745878,48077,0.70526284,847.792,1
0.3784269770103978,0.34994855475656117,0.36405283724599596,-4.622416549444126,109157,0.730218937,1316.398,0
0.2627778307736335,0.33101834757324883,-0.7387036050643744,-16.83206952213739,85153,0.714973571,1219.105,0
0.1952112944767719,0.17876905065156426,-0.4007625696831595,-13.090406713446235,68906,0.688944066,1015.021,0
0.6873366402747305,0.5045784315807422,1.9562873709944384,13.006708398107069,172094,0.740122616,1607.527,0
0.1482877039015549,0.14119982657763286,-0.7062070159301863,-16.47226924267282,58408,0.685666764,941.429,1
0.17654297433940666,0.21870698842846664,-1.0272169291798827,-20.026471685926417,64722,0.740084919,1004.349,1
0.38195173137460653,0.31094460041642286,0.7144440161343418,-0.7429065010090556,109052,0.730380886,1302.361,0
0.13003911094152437,0.14927177462541746,-1.001327238551773,-19.73982258916182,56217,0.683504044,915.939,1
0.06624057998664505,0.06276896804238173,-1.3818439102718152,-23.95288028147712,40747,0.712562139,772.501,1
0.16026900696365545,0.17758875846618358,-0.8997680078671887,-18.61536489818287,60916,0.732782609,950.717,1
0.2609653725078699,0.19696052454905702,0.3637449789119488,-4.625825138393824,82949,0.725486822,1084.306,1
0.21139463893923496,0.1941493312070923,-0.30717533450961887,-12.05421447706376,71321,0.727177893,1022.568,1
0.2022846513402652,0.24982245240914808,-0.9334596342588795,-18.988396558253104,69356,0.691026582,1073.138,1
0.2189115711151388,0.16928349154722763,0.04001301746041238,-8.21016593554339,72618,0.742975069,1011.054,1
0.7834112372412477,0.5327755972211556,2.9852865237026998,24.399725098550178,209580,0.613785469,1870.28,0
0.8648907755413526,0.632197459086874,2.3836173016609625,17.73807967656645,210114,0.780576219,1866.091,0
0.09835447867976724,0.09233279117517337,-0.8493968071790169,-18.05765799516814,48762,0.69527897,860.58,1
0.2953114566440904,0.21677948269439049,0.5939505326915746,-2.0770030991888793,89605,0.73824584,1122.16,1
0.287236478107412,0.3712144500606558,-0.7844972736965891,-17.339094265674085,89197,0.632019963,1272.862,0
0.38636840599065153,0.31967329874809153,0.6622621395378883,-1.3206610987258238,109501,0.678388339,1281.378,0
0.20736907373843366,0.1529770900606157,0.15003941756775702,-6.991960254213728,71726,0.698347024,1035.022,1
0.30025279023180385,0.3613661308942181,-0.5473339775355137,-14.713236521492512,90790,0.727157486,1230.493,0
0.0,0.0,-2.19787707179523,-32.987950342402165,26139,0.678144032,619.074,1
0.5520843270056282,0.48531144862588166,1.0258017869376903,2.7044280018804794,145158,0.585589398,1495.983,0
0.12049031765715922,0.1315101705779679,-1.0991882463570413,-20.823333778955497,52462,0.766294481,875.267,1
0.32360488409806354,0.29455493168751257,0.28556179891315703,-5.4914646027953316,97428,0.715906997,1222.886,0
0.26802442049031766,0.25742963983080147,-0.1796530589147763,-10.64229551512224,83143,0.762382252,1114.736,1
0.20768863874844987,0.20221562341366675,-0.4593007371593476,-13.738537781304005,71336,0.679310549,1067.692,1
0.6957407230754555,0.39621428303165435,3.158594778222904,26.318583664056824,174277,0.70191488,1559.214,0
0.225441190498903,0.2301024624136682,-0.4687520210219406,-13.84318182751507,74718,0.663897875,1062.07,0
0.5573404559763426,0.5043720371781091,0.8651363186847372,0.9255496051658276,148078,0.643516382,1553.114,0
0.2178145569016503,0.18028816160035177,-0.09531643506137062,-9.708525490635878,72956,0.727848231,1027.206,0
0.09176762377182104,0.09282528452485198,-1.194822313857532,-21.882188419697172,46921,0.67518458,848.487,1
0.11116092721549174,0.10489608647765969,-1.0043731706447876,-19.77354696601169,50298,0.740127679,848.422,1
0.17443479919870267,0.14767530095942236,-0.39589180653990425,-13.036477917014325,64424,0.712041464,970.754,1
0.30365353429361824,0.2500136060795569,0.40879207182982347,-4.12706643624233,92636,0.738675293,1196.03,1
0.1966326433272918,0.2689837204813834,-1.0937107385371667,-20.76268714197393,70454,0.708950617,1085.157,0
0.19641801011160928,0.15112932826641776,-0.09877458265216314,-9.746813892672751,68078,0.759917351,993.455,1
0.33710292855098734,0.2404905467678563,0.9751028294987015,2.143092195842924,99609,0.731331126,1223.904,1
0.942134885051989,0.6556362801430451,2.7097728150583515,21.349253895027218,227170,0.770542973,1876.307,0
0.09325574740055327,0.11920649619274258,-1.42377439340864,-24.41713206766973,46400,0.656177905,845.786,1
0.13228083563865306,0.16242701026377707,-1.17267405369935,-21.63696421596115,56120,0.732663025,930.619,1
0.47973385481255365,0.38477219436104304,1.0714270901985365,3.209588614156491,129444,0.739578685,1414.078,0
0.227692454450062,0.23755366607861347,-0.4654859520660521,-13.807020108565837,75540,0.656512605,1096.751,1
0.19014595058666411,0.2505867151233943,-0.9748553486952963,-19.44672741757363,69700,0.66625485,1075.404,0
0.20254221119908422,0.16522084329376208,-0.14308980311932168,-10.237469347089146,69587,0.729512956,983.385,1
0.2304302203567681,0.23709333757202292,-0.46702463760174967,-13.824056342229191,76106,0.703181055,1079.578,0
0.1712391490985405,0.19535180951947478,-0.9154096517785326,-18.788548238358906,63997,0.63947956,998.47,1
0.21612133931126587,0.25019883228738315,-0.7580098363891088,-17.045826953643928,72363,0.728075054,1061.321,1
0.2885958218067347,0.3259747422323414,-0.4690731523021296,-13.846737373725773,89369,0.730391156,1202.493,0
0.2508728417437756,0.32100976285536775,-0.8081014050085007,-17.600437787219537,82967,0.674377378,1214.981,0
0.13348278164647526,0.1361316817489782,-0.775901929823474,-17.24392713552173,56639,0.654281336,936.823,0
0.22857960507488315,0.21542836062269113,-0.29779348405887457,-11.95033919341064,74825,0.689966401,1046.52,1
0.45640560908136985,0.38301916764793464,0.9526324838485289,1.894301880920549,125856,0.734512254,1403.043,0
0.24840694457693407,0.23366053962647945,-0.17000443925036754,-10.535466578787831,79220,0.721545397,1100.676,1
0.2469426690832777,0.21855263491835428,-0.025541127323391803,-8.935977481976115,82746,0.671900035,1127.409,1
0.1464704760087761,0.1137243037181671,-0.44421246007656146,-13.57148128535582,58701,0.711769781,929.115,1
0.4628732233139369,0.4660906862721785,0.3244855606604068,-5.060503054903549,128445,0.579493175,1526.711,0
0.25239435276161404,0.2142692744724995,0.1656824357841495,-6.818761697814893,82394,0.623285654,1137.706,0
0.49153391204807784,0.46698200312311805,0.5423859051033438,-2.647923553028555,133704,0.750683811,1499.355,0
0.5061003529523991,0.3634826683863216,1.597227561965927,9.031219798380741,134210,0.705522559,1412.02,0
0.24261184775350567,0.1796070777477856,0.30063990373804905,-5.324520733474449,78443,0.724287614,1070.053,1
0.2038633978822856,0.20157253830253882,-0.48875073405399055,-14.064606374816044,70141,0.65970447,1050.867,1
0.37336163312028997,0.29903383101161024,0.7888611341958587,0.08103535223956765,107992,0.647265235,1332.203,0
0.18780406372221692,0.16673664372748323,-0.374796592121953,-12.80291297234883,66713,0.694998015,981.509,1
0.14491557760183155,0.0880581051185379,-0.22019884669647052,-11.091216037664628,57633,0.740165631,900.109,1
0.09625107316607841,0.06851785849279056,-0.7545973749390806,-17.008044385808507,49075,0.714070801,854.724,1
0.07806925498426023,0.09221498305073048,-1.4062472529813923,-24.223072623526285,43362,0.691330839,804.559,1
0.18174186778593915,0.1308905830481779,-0.12334104956974995,-10.018812336137266,64892,0.734356566,950.297,0
0.6143756558237146,0.46261504757138094,1.775835772895649,11.008759162337354,160008,0.762219476,1555.816,0
0.25208909663264334,0.2284684942422845,-0.0931559175001766,-9.684604370203953,79677,0.757992637,1059.644,1
0.2801774301249642,0.24285881869732615,0.1431308420996844,-7.068451586083988,86242,0.713834797,1144.973,1
0.24809214919393305,0.3159798981087999,-0.788338624345388,-17.38162546891059,80680,0.621328517,1162.004,0
0.2979633692645235,0.27938972679212554,0.0234870632623532,-8.39314030600201,90905,0.708726586,1176.287,1
0.1545263760373939,0.11507809133376365,-0.3661832382512331,-12.707546436586716,58867,0.732865767,903.769,1
0.2998664504435753,0.2945524515874053,-0.00011883244119354672,-8.654503362785475,92886,0.736088407,1209.622,0
0.384131450920538,0.3525778957754468,0.40184266929953705,-4.204009802888719,109179,0.716535433,1295.27,0
0.34757702947629493,0.3816092856832776,-0.18560868286012,-10.708235825075146,103918,0.576457129,1345.687,0
0.2556376991319279,0.2615972155759292,-0.35218934208367636,-12.552606860279365,82328,0.69841719,1169.476,0
0.32067156348373554,0.22417988473932637,0.8480842577089202,0.7367502121214898,95666,0.742996727,1173.39,0
0.3433559095678718,0.3152602708465569,0.2756390223952801,-5.6013289873144005,100169,0.694716941,1244.252,0
0.4080368215205571,0.3567645662697908,0.6354261128554576,-1.6177879713396375,113888,0.732395854,1319.435,0
0.15354860249928456,0.1355499942127801,-0.4487545222594166,-13.62177072453322,60232,0.645103465,992.114,1
0.2792378136029762,0.3545698396628214,-0.6004481630727468,-15.301313587701424,88572,0.67084419,1258.062,0
0.1544357531241057,0.15435231140164524,-0.7877418198751555,-17.375017685727908,59834,0.737582676,950.721,1
0.6266431365067252,0.5667466642494162,1.067835695031328,3.1698249029714933,161782,0.742108801,1646.525,0
0.16068396451397501,0.16180347061710074,-0.7563440626441639,-17.02738360697511,61643,0.645498252,988.273,1
0.18736525803682152,0.2299638213446522,-0.9602829341163885,-19.285382520227202,66419,0.75677257,1028.445,1
0.26371744729562147,0.30103280180609177,-0.49580147307752237,-14.14267173301789,85201,0.607359562,1226.244,0
0.09736239626061242,0.1352652951006893,-1.4567687150224582,-24.782443211198537,47802,0.732682771,870.387,1
0.40498426023084994,0.33960656672638534,0.7088912896184829,-0.8043859548664,113271,0.687099748,1316.112,0
0.698092149193933,0.5774870201411845,1.4887655811062863,7.830335272825284,175679,0.738159297,1689.585,0
0.7787083850042926,0.5123783996796415,2.7169926776215405,21.42919177888341,192922,0.747156346,1698.394,0
0.5271010207001813,0.5179968412445634,0.6483790739709441,-1.4743735652922425,144444,0.632588558,1594.209,0
0.5347753505675856,0.49047988148209887,0.7523256085555533,-0.32348378918433246,141818,0.60152231,1529.79,0
0.25262329485834206,0.23738379269866403,-0.18098665292715246,-10.65706098778043,80474,0.684273038,1099.512,1
0.47113898693122197,0.3891803150648161,0.9935872564108914,2.347750658344502,126960,0.728998849,1388.684,0
0.2570208909663264,0.23500780249757297,0.014597123999110938,-8.491569178587058,81976,0.708385459,1110.378,1
0.22789277878469905,0.14828463465281436,0.43063647254157406,-3.88520654601295,74545,0.778736856,1010.474,1
0.48993608699799673,0.507171088681875,0.2699119291759609,-5.664739018820225,133001,0.621483426,1513.469,0
0.2897739196794811,0.24424881113515384,0.2484430418153642,-5.902441247821532,87883,0.718740092,1146.164,1
0.22193551464275493,0.288854538222339,-0.934945458061076,-19.004847509984003,75002,0.696373759,1091.499,0
0.2317323285319088,0.1731886259707295,0.1769444215607967,-6.694069668967449,75353,0.754739312,1017.749,1
0.24493942573690738,0.2052097162983241,0.0729332966393364,-7.845674585398357,79198,0.745202952,1056.74,1
0.13734140990174568,0.18199297163215059,-1.2497745853871502,-22.490616663409952,56450,0.611417674,968.729,1
0.9522846513402652,0.6665793259677182,2.7168575436264026,21.427695583420714,229195,0.744187354,1853.893,0
0.19729562148240007,0.1877428276602529,-0.4588405190066173,-13.733442273609851,69039,0.742390035,1006.028,1
0.8108175140703997,0.6860297629823766,1.6264073868916091,9.354297064109604,204472,0.728769116,1893.414,0
0.5540971096060288,0.47752085677753425,1.0366674847519288,2.8247323542541154,146674,0.764489545,1530.598,0
0.24403319660402556,0.21876545194829528,0.015329562575488181,-8.483459662742703,81613,0.632365454,1130.405,0
0.700882380997806,0.4797281896745148,2.4111832363580703,18.043288046797745,174610,0.636111296,1591.894,0
0.08952112944767719,0.10636444284773473,-1.3682178837587724,-23.802013735848593,45285,0.633605969,820.714,1
0.2900648669274063,0.27491519673624903,-0.011578802163522509,-8.781387457966147,90825,0.705146139,1199.809,0
0.17251263951159018,0.14922858332826824,-0.4611612361266484,-13.759137113917474,63181,0.734803992,956.302,0
0.5524802060478871,0.4536346772648945,1.242938085788571,5.10854803693542,144300,0.659151906,1507.939,0
0.7358628255270437,0.6023409661283695,1.5616491367692678,8.637297615476935,181954,0.779403089,1681.985,0
0.5117475913383573,0.4201782241405973,1.0783225127471099,3.2859343176935094,136612,0.650653694,1453.895,0
0.503105027186874,0.5022184231094937,0.3739586419967208,-4.512740075309717,134139,0.536784249,1513.352,0
0.24914146713726987,0.30390668434999907,-0.558260132769237,-14.834210254776758,82990,0.651213128,1205.141,0
0.22861776209100448,0.21607003877139544,-0.3060608871403215,-12.041875382850947,75653,0.709568466,1075.279,1
0.21498616808165602,0.1950869998046229,-0.21071284712817512,-10.986187621248986,72819,0.72827907,1046.692,0
0.23717924258323,0.18544453905513322,0.15976224770435898,-6.88430966399669,77454,0.740915368,1051.266,1
0.8281407993894877,0.5051272358249552,3.189494764965828,26.660706457918263,201464,0.768569796,1687.866,0
0.6880568539540208,0.6556394808950854,0.8987049317716707,1.2972192693279094,174278,0.755515672,1753.016,0
0.24314127635218927,0.2023849732486046,0.08201499646688139,-7.7451225513842274,78977,0.747347818,1075.8,0
0.09052752074787751,0.12553997402259848,-1.5559285671268515,-25.88033512691629,46531,0.732999603,883.973,1
0.3020938662596585,0.2861366768867508,0.11783858008034526,-7.348485989241569,92630,0.656529107,1216.535,1
0.8033530477916627,0.586953600998029,2.2687481626307835,16.466255481287064,201241,0.79154619,1766.873,0
0.14270247066679387,0.1652601814810519,-1.0074495574977202,-19.807608536130807,57396,0.743990207,973.259,1
0.3090909090909091,0.26661584769018987,0.3653463363586726,-4.608095005102766,93719,0.625024255,1179.374,1
0.282791185729276,0.22812903880149094,0.30367368313357973,-5.290930910559852,86777,0.751028843,1118.999,1
0.6449394257369073,0.5248251053957406,1.5259988376190439,8.24257964848416,167411,0.723185339,1679.562,0
0.2582514547362396,0.18388412455181655,0.4548215348003383,-3.6174309919805183,81603,0.735114151,1075.271,1
0.09680434989983783,0.1394819692598639,-1.5346613785365009,-25.64486609456225,48787,0.634230657,901.102,1
0.15545645330535152,0.14343493612928915,-0.6377088916833731,-15.713862132774812,59311,0.777295152,925.795,1
0.31659353238576743,0.26972756299631945,0.3160293836775928,-5.154129337620631,93480,0.692924564,1165.084,1
0.6814938471811505,0.5037836382873047,1.9800028310175255,13.26928454444363,173527,0.756241377,1641.456,0
0.17165887627587523,0.14786771463679857,-0.40936877396691523,-13.185694089411696,64027,0.705612526,975.553,1
0.34277878469903655,0.25453427613139334,1.0279679917612627,2.7284120913392376,100815,0.633349614,1254.468,0
0.4891061718973576,0.43424836414693696,0.8036669065722378,0.24496397307767553,130766,0.667778474,1426.6,0
0.08045883811885911,0.12642843068493606,-1.6386078511073447,-26.795755184057487,44743,0.698030924,849.728,1
0.509057521701803,0.38106099630152296,1.4172016683590132,7.037983937128999,133811,0.745071058,1393.335,0
0.14518744634169609,0.10324372684388598,-0.39662620555143135,-13.044609138678693,57724,0.703287982,926.095,1
0.33463226175713057,0.3389419272412091,-0.05056902266234704,-9.21308483315632,99166,0.722782014,1276.807,0
0.0670227988171325,0.02738771580804649,-0.8372406369239201,-17.92306560958139,42795,0.646827284,793.005,1
0.26742821711342174,0.23156091678514384,0.08809702046872643,-7.677782747611656,83499,0.725472034,1103.153,1
0.3374606505771249,0.35346820026657677,-0.0875413472571198,-9.622440186320418,100204,0.675361077,1298.138,0
0.25806066965563296,0.2552123673540203,-0.22748724047124994,-11.171912694971798,82708,0.637353474,1122.831,0
0.5361108461318325,0.555736191529216,0.3563424378003553,-4.7077856281455706,141442,0.706431237,1562.268,0
0.30014308881045504,0.29949777612567247,-0.12679166948965634,-10.057017392255053,92046,0.644193035,1205.863,0
0.8083420776495278,0.5601391261567956,2.471955243670496,18.716152054904676,197430,0.786426888,1700.937,0
0.08636840599065153,0.05963376137525104,-0.9867002978699304,-19.577873982084714,44535,0.754021912,785.843,1
0.2867976724220166,0.23973249544864828,0.30664884351768845,-5.257990113812415,88349,0.70294108,1127.889,0
0.14116188114089478,0.08717460606460786,-0.12162925360944359,-9.999859434269277,58095,0.725273711,921.613,1
0.05683010588571974,0.07607027520121251,-1.6794753963082099,-27.248238185383702,39280,0.721173923,761.131,1
0.09480587618048268,0.08418036104088025,-1.023607019903173,-19.98650298763508,48142,0.656913967,879.832,1
0.1773108842888486,0.23625580538134594,-1.1158080093774592,-21.00734679505048,64694,0.628258686,1030.757,0
0.304216350281408,0.23658063525530373,0.5382905000631368,-2.69326763119942,93087,0.713854554,1187.085,0
0.30489363731756175,0.263910156573087,0.3274963669566925,-5.027167588761423,94720,0.682649239,1234.547,0
0.3040684918439378,0.36481478862508515,-0.5655558881780476,-14.914988419652946,93549,0.738386349,1262.578,0
0.13851473814747686,0.14706587784868924,-0.9570585684172006,-19.24968253722673,56175,0.723391813,922.878,1
0.23813316798626347,0.2164444157011898,-0.16828656994198518,-10.5164464331754,77118,0.704712179,1073.768,1
0.3716779547839359,0.36003036812991296,0.23919114621016188,-6.004877679244631,108615,0.667043297,1343.017,0
0.25533721262997233,0.19614571913631962,0.2869532737731075,-5.476058276875686,82584,0.719924469,1144.959,0
0.7312076695602404,0.4783084294262923,2.591573506844221,20.040558266930613,181288,0.74704638,1622.032,0
0.2945817037107698,0.28377862484100747,-0.025636526498754576,-8.937033735905244,91704,0.716220548,1189.483,1
0.09378994562625202,0.12694633514705206,-1.4886983523126778,-25.13596623396209,46532,0.830632225,836.625,0
0.0457407230754555,0.05456816053474589,-1.6733891693734575,-27.18085184699089,37747,0.669480333,754.366,1
0.05131164742917104,0.07144071258179263,-1.75828192866996,-28.120779369638672,37401,0.812265444,747.161,1
0.14499666126108937,0.1400533600652583,-0.550860772363651,-14.752284981610531,59520,0.688592377,977.425,1
0.4564199179624153,0.45068163406727174,0.3229591658528313,-5.0774032063647105,124432,0.723790395,1418.385,0
0.36273967375751215,0.3877183151013802,-0.06656634752272747,-9.390206251397565,107520,0.733311646,1393.213,0
0.11951731374606506,0.10720928108313134,-0.9128603779267038,-18.76032283166985,51555,0.723225806,851.632,1
0.5351807688638749,0.4307961745606867,1.2447704025003736,5.128835337311834,142114,0.677764642,1478.596,0
0.2917008489936087,0.161337825277654,1.2248996378685029,4.908827426998557,87512,0.785886818,1070.062,1
0.44548316321663645,0.4362677461989946,0.3769191871367451,-4.479961097665334,125083,0.643713354,1459.584,0
0.25814652294190593,0.2009812224625594,0.2509754219173563,-5.87440288771411,81779,0.73159735,1075.307,1
0.2671849661356482,0.2533042323966047,-0.1280557740777509,-10.071013482189008,83634,0.713728344,1148.651,1
0.11422779738624439,0.14624519693909938,-1.2299316189255258,-22.27091653276493,52619,0.656552752,909.681,1
0.12302298960221311,0.08164389522238945,-0.5572765424457397,-14.823320001900935,52396,0.737442725,855.997,1
0.08620623867213584,0.14005655692958818,-1.7039502088816587,-27.519221837465068,45669,0.677934111,867.446,1
0.23550510350090623,0.21459854475978024,-0.1789619755178385,-10.634643881336158,77508,0.686113099,1063.377,1
0.27418677859391394,0.28999692497133306,-0.29754714337964727,-11.947611724233383,85648,0.700769491,1148.363,1
0.09888867690546599,0.09650284559491452,-1.0658729735029966,-20.454469082607627,49996,0.628971988,907.025,1
0.15725460269006963,0.14603720702008402,-0.6806258337804348,-16.189035933216612,59383,0.738172941,915.379,1
0.22673375942001336,0.2703165591690442,-0.6800783342542176,-16.18297405140722,77356,0.621603191,1183.236,0
0.29958027282266525,0.32093976488730813,-0.3150635334206762,-12.141552140747505,90297,0.658456829,1193.28,1
0.6448344939425736,0.524861245422797,1.4354465681043433,7.239990369252262,165385,0.751898675,1646.559,0
0.12361442335209387,0.16122729416969256,-1.2947412864607788,-22.9884852718994,52949,0.660997732,897.111,1
0.16830582848421252,0.15510112331771053,-0.5855165667677492,-15.135991851896902,62614,0.735576165,987.617,0
0.7030239435276161,0.7711850173190685,1.9545447801987283,12.987414537674521,219952,0.496936979,2289.889,0
0.29703329199656586,0.23332549297896363,0.4594379514873563,-3.566318304207187,89710,0.743688283,1126.518,0
0.11459982829342745,0.08401173367214045,-0.7015535090104019,-16.42074589407414,51029,0.711033729,869.188,1
0.5077744920347229,0.43385730181170273,0.9632644697867039,2.0120185894656393,134950,0.744313787,1446.145,0
0.2546980826099399,0.29109368399501845,-0.5116257815341636,-14.317877524047915,80567,0.677376367,1142.632,0
0.5703806162358104,0.5043467008393031,0.9970892897428222,2.3865249606665055,150534,0.733669028,1539.429,0
0.1759658494705714,0.21117073228456945,-0.9796922843299982,-19.50028167786635,63596,0.791440045,977.906,0
0.22137269865496517,0.2661514075409928,-0.7156059521733936,-16.576333699191977,77521,0.648154835,1187.724,0
0.2559858819040351,0.27312527565066036,-0.35193290916431647,-12.549767650426643,82642,0.654597092,1148.146,0
0.3695554707621864,0.2648782039995098,1.1699489366874491,4.300416570090591,106439,0.717930823,1251.802,0
0.18952589907469236,0.20310455139610514,-0.7121457621292463,-16.538022683234463,66825,0.764336518,1018.353,1
0.1981827721072212,0.16936647757846776,-0.11630357349013871,-9.940893824452434,69880,0.708661084,1022.705,0
0.6850233711723743,0.6400160709605736,0.9417488960633267,1.773799451864902,174718,0.716926627,1781.378,0
0.20445483163216638,0.211005722171253,-0.5952609676923306,-15.243881272580461,70347,0.746130132,1042.257,1
0.40731660784126683,0.43332109323109225,0.09820612834580889,-7.565855313495649,116070,0.558566689,1456.757,0
0.18031097968138893,0.14204676339914807,-0.21036154515112088,-10.982298026898063,64898,0.704603994,977.095,1
0.42078126490508444,0.4323616671914359,0.19085340488059774,-6.540070242600958,118098,0.627862764,1394.088,0
0.12430124964227797,0.13303748770604215,-1.0467876132040945,-20.243157121808554,52772,0.704805743,877.799,1
0.28213297720118286,0.27978472102815155,-0.12230346926231779,-10.007324309408077,87728,0.687577266,1169.983,1
0.21822951445196986,0.24817518489856455,-0.7062143635611101,-16.472350595200275,73629,0.725454805,1085.215,0
0.13800438805685394,0.21950311313315418,-1.4436034747882502,-24.636678463522202,58632,0.625069042,1021.989,0
0.750910998759897,0.6147493019562695,1.66474019346697,9.778715591897996,190749,0.698891395,1789.254,0
0.35985881904035105,0.2515657494788217,1.0495682722866597,2.9675690975548443,102881,0.752578628,1202.369,1
0.5963607745874273,0.4951389787788748,1.2467085567044875,5.150294464034522,153905,0.642408712,1557.266,0
0.3440141180959649,0.3385841091070832,0.055650020341606286,-8.037033980573913,100196,0.688908984,1272.882,0
0.04374701898311552,0.05039201925629244,-1.7104811965381177,-27.591532539805876,36516,0.664187423,750.365,1
0.3387246017361442,0.3168123192560956,0.19500482035321023,-6.494106020292836,99678,0.754547447,1265.032,0
0.12383382619479157,0.15165409440794528,-1.0097645533478243,-19.833240030882067,54576,0.649178255,930.051,0
0.06088905847562721,0.05107244466029315,-1.394027002502672,-24.0877707455595,39564,0.682497943,754.022,1
0.23778975484117143,0.2151829667819415,-0.12800873963770934,-10.070492719699088,77890,0.668176329,1077.419,0
0.16344080892874177,0.16233836657706185,-0.7001207109781175,-16.404882040476966,62384,0.713052833,979.727,1
0.34392349518267673,0.29307275502503316,0.4759431430768252,-3.3835738161015234,101878,0.689695666,1254.755,0
0.2513450348182772,0.2197596004261758,-0.0022314853780738167,-8.677894528977175,80285,0.703003457,1097.299,1
0.22947629495373462,0.15605469627964494,0.4206088487511794,-3.996231793224322,76355,0.73124602,1050.012,1
0.3778260040064867,0.3273362947720849,0.49756792504070546,-3.144145531433364,106906,0.77991351,1263.012,0
0.2751025469808261,0.28428248779999266,-0.2631977629890074,-11.567297451466061,87785,0.720549965,1182.561,0
0.1404893637317562,0.10704538998248218,-0.5447289393058959,-14.6843936949681,55879,0.73819523,887.109,1
0.2174472956214824,0.17680534100238934,0.03790624782942569,-8.233491962126257,73417,0.650222613,1033.87,1
0.2424639893160355,0.211462756750342,-0.07585802195747256,-9.493083111627735,77958,0.73744195,1065.68,1
0.26962224554039876,0.22379866129219134,0.2186480443423625,-6.232329666977315,85615,0.663072689,1113.144,1
0.2284985214156253,0.2846018922443814,-0.7375215386859635,-16.81898175432454,76157,0.654434087,1147.6,0
0.43839549747209766,0.36494054893173006,0.8470229861428372,0.7249998772021021,122361,0.618402185,1407.401,0
0.3948011065534675,0.33625210316648946,0.6310412275605101,-1.666337157471988,111765,0.707906277,1305.144,0
0.174472956214824,0.18033077272150663,-0.7185987044623063,-16.60946927245084,63724,0.687300355,981.059,1
0.3681293522846513,0.3755083940207575,0.09414280042562799,-7.610844235723773,106888,0.573241751,1331.797,0
0.1704473910140227,0.1343860729170612,0.05561155180290235,-8.03745990191966,70556,0.723263519,1128.077,0
0.328603453209959,0.3479933959970025,-0.1937278870464683,-10.798131165266549,97707,0.702386185,1269.68,0
0.36885910521797194,0.2478666791321525,1.2613733857962652,5.3126625693065535,107169,0.724419777,1261.988,0
0.46869693789945627,0.41052952763308387,0.7798751596160534,-0.018456817591698475,126325,0.65953021,1400.524,0
0.40299055613851,0.40991871440667244,0.11193456759098455,-7.413854860259465,112825,0.689192749,1369.202,0
0.5223981684632262,0.5364678007047993,0.37216148909008473,-4.532638044151251,139500,0.73672628,1535.248,0
0.433134598874368,0.34811808251801213,0.9441048129965152,1.7998840223857127,118786,0.71936754,1328.07,0
0.5119860726891157,0.4021854196354185,1.4097286536046738,6.955243167445406,139810,0.688558608,1475.658,0
0.38064008394543547,0.2785329028749012,1.0263007276855156,2.709952243817457,107313,0.736901835,1244.054,0
0.1645664409043213,0.22909782567044754,-1.1966515578873027,-21.902441699523024,61673,0.719710626,1034.144,0
0.5076027854621769,0.45086067816747877,0.8188810155854186,0.41341367258746103,135814,0.71150732,1457.016,0
0.7417294667556997,0.801292265530259,1.3743537775889898,6.56357466882512,221396,0.454188929,2253.557,1
0.13641133263378805,0.13700436571070682,-0.8265972224489996,-17.805222364965147,56076,0.673221768,931.117,1
0.3282648096918821,0.29076844487473713,0.2960344274794322,-5.375512289482845,96340,0.71684776,1194.631,0
0.0747066679385672,0.1182020726256467,-1.7435829860061338,-27.958033560949648,42965,0.641185842,846.833,1
0.15031956501001623,0.17518768708968468,-1.0092325532619544,-19.82734975794355,59797,0.718426867,980.39,0
0.07380520843270057,0.031245121717085166,-0.8184788964575813,-17.715336748095165,43096,0.743089401,784.912,1
0.6831679862634742,0.6546015705337471,0.8204286951174765,0.4305494872373192,172003,0.796730297,1725.003,0
0.28080225126395114,0.24073717080979312,0.16975700019844858,-6.773648365800032,85978,0.686782733,1157.001,1
0.6891777163025852,0.5485231342351387,1.6932357805151868,10.094217017020458,177170,0.713766518,1660.677,0
0.4799771057903272,0.382356964202147,1.234308824386922,5.013005373948069,130948,0.694510885,1422.242,0
0.20599542115806543,0.19633895221347522,-0.38725923440338483,-12.940898597769708,71551,0.719074732,1087.108,0
0.2383907278450825,0.21022506057582963,-0.07808955528174312,-9.517790514315188,77706,0.735096754,1078.409,0
0.3780835638653057,0.341891320008279,0.3793748362070653,-4.45277229892342,106961,0.741609977,1273.128,0
0.06477630449298864,0.056724909393913656,-1.375516611827412,-23.882824813835537,40147,0.737583283,769.242,1
0.4419345607173519,0.347477995090847,1.070477489419559,3.1990746914723274,122903,0.675596941,1394.1,0
0.12285605265668224,0.1188585792796739,-0.8694438109299587,-18.27961721440287,53531,0.710051367,895.04,1
0.8021129447677192,0.7047066282896285,1.3442524101122988,6.230294139423803,197851,0.605915848,1865.297,0
0.29983306305446916,0.3276721720937406,-0.3233967151027287,-12.2338166268956,92397,0.606600084,1217.127,0
0.39011256319755794,0.3668940650040194,0.31955659059720093,-5.1150763148506435,110611,0.632908552,1325.947,0
0.2780978727463512,0.2748680188511805,-0.18131765039729894,-10.66072577185266,87230,0.702859542,1177.858,0
0.5543546694648478,0.470078661196958,1.1364129368395417,3.9291079977485572,149492,0.721793513,1521.811,0
0.06294953734617953,0.06326022535930749,-1.470937972114158,-24.93932437310594,39926,0.696593309,762.439,1
0.12473528570065821,0.13622271326747176,-1.0708415623602225,-20.509480999458116,53060,0.72541099,894.039,1
0.22575121625488886,0.22324970620481172,-0.37864882118538895,-12.845564620737603,74803,0.746867425,1073.916,1
0.39885528951635985,0.3612537747653658,0.45101650021246537,-3.659560105975708,111306,0.620933014,1297.147,0
0.1859057521701803,0.19572410056300485,-0.656806428685087,-15.925308913294703,67510,0.654744466,1057.897,1
0.2576600209863589,0.1640111387643152,0.7269493578936002,-0.6044481095390557,81463,0.792771926,1073.251,1
0.2700133549556425,0.25659289736371393,-0.06498818722497929,-9.372732955544116,83932,0.729480633,1130.427,0
0.9428980253744157,0.6072837157063937,3.147143280381043,26.191793369026914,225916,0.764940471,1812.569,0
0.48234284078985024,0.479112389941048,0.46852719698978484,-3.4656827249347955,134574,0.712977469,1461.111,0
0.6691500524658972,0.5048598113656231,1.8446917165661687,11.771128027363439,170954,0.735823666,1635.791,0
0.3030668701707526,0.2204272970772853,0.9149804683855697,1.477421031363176,93821,0.671063554,1239.54,0
0.25760755508919203,0.27131623998853194,-0.3794570185776391,-12.85451293363264,83074,0.696116854,1148.633,0
0.16814366116569684,0.18614465156583745,-0.7193481748191575,-16.61776736314374,66145,0.711720382,1036.527,0
0.10869979967566536,0.10387309533488898,-1.0406697752527754,-20.175420788142453,49877,0.677642591,860.548,1
0.41810073452256036,0.41898023613382235,0.216387290532141,-6.2573605971269215,116819,0.677181674,1385.645,0
0.6767719164361347,0.6018725978365008,1.1504065369413814,4.084044296034104,171794,0.578673899,1680.121,0
0.19400934846894974,0.16648210910184666,-0.31962854069655927,-12.192095626614229,67503,0.762676056,971.938,1
0.22060478870552322,0.226503738539809,-0.4574613568796743,-13.718172273529166,76252,0.642461908,1101.879,0
0.07686253934942287,0.045205175628723254,-0.9726780834166808,-19.42262086742218,43114,0.824319225,790.427,1
0.238204712391491,0.1796138296641712,0.22762513695067396,-6.132935837799971,77541,0.723079729,1075.792,1
0.1815558523323476,0.14153397568238857,-0.22508300681339694,-11.14529316458288,64925,0.735317295,945.523,1
0.132991510063913,0.14322240782664666,-1.003843969180116,-19.76768767923868,55288,0.693692051,922.011,1
0.1691309739578365,0.1442267093196334,-0.46055096666764767,-13.752380247189386,62492,0.69858783,964.603,1
0.4764618906801488,0.4028567725486465,0.8991734577684587,1.3024067609715602,129758,0.735948588,1404.303,0
0.13751788610130689,0.15377358150599207,-1.0000508532377765,-19.72569052776965,56526,0.688495238,931.43,1
0.27749689974244013,0.3103325041159619,-0.4717827497403248,-13.876737873515872,86859,0.609222133,1199.017,0
0.13630163121243918,0.18459435120052206,-1.293772459414225,-22.97775847713754,55662,0.603678181,943.599,1
0.23389773919679482,0.24112523740491973,-0.45487165605443736,-13.689499261823157,76449,0.679453706,1071.612,1
0.2211914528283888,0.20999411579985972,-0.3523687659096447,-12.554593430083953,73593,0.701677879,1038.741,1
0.2419488695983974,0.27182661032691324,-0.595342191721294,-15.24478058014162,77824,0.681927322,1100.929,0
0.2621673185156921,0.21863271825535768,0.20186389083286324,-6.418162804675477,83419,0.668021782,1120.777,1
0.49216350281407995,0.48748091625948387,0.4352970710354462,-3.8336046799326975,135975,0.67400216,1508.934,0
0.43412668129352283,0.501561015802538,-0.053117914429365386,-9.24130600942535,125638,0.526259635,1480.951,0
0.1353190880473147,0.1735241623401758,-1.22201636000807,-22.183279262318635,57197,0.710295439,965.068,1
0.25366784317466373,0.2827567468793383,-0.5147246173700041,-14.352187647954958,81718,0.642192762,1157.33,1
0.4524849756749022,0.3190306907886302,1.4414840302149672,7.306836786446672,123486,0.723886976,1322.814,0
0.2499856911189545,0.2510282198541892,-0.32296934424097656,-12.229084802430622,80688,0.648001,1114.454,0
0.10536583039206333,0.09614183850147001,-0.9840591956353336,-19.54863185706727,48900,0.720914695,861.179,1
0.4481016884479634,0.43790754308511465,0.41744537056694214,-4.031257633323066,125523,0.668155987,1469.764,0
0.6215539444815416,0.5569396998256957,1.0027028937714118,2.448678446681599,160709,0.697046209,1626.909,0
0.16729466755699704,0.19142218848108825,-0.9277960731415201,-18.92568995035724,62213,0.665683112,990.547,1
0.23266240579986644,0.21015587876779068,-0.13262964132024424,-10.121655065072906,76807,0.680181585,1084.729,1
0.09813507583706954,0.03305051977810534,-0.38248604291770943,-12.888050108859309,47173,0.742280362,810.195,1
0.3331966040255652,0.22220153928567807,1.055950174851315,3.038229138730147,97988,0.75304396,1201.39,1
0.35798912525040544,0.3005722857822656,0.5825922515406393,-2.2027613046260246,104186,0.673788505,1269.066,0
0.2561909758656873,0.2434572741880166,-0.1617044169285621,-10.443569231081083,81839,0.655148423,1113.607,1
0.15431651244872652,0.11773864898315049,-0.4041797901895352,-13.128241973267166,58976,0.712711069,906.829,1
0.4008919202518363,0.3590945953096042,0.5172269606759615,-2.9264818718301577,113476,0.6354731,1323.557,0
0.10998759896976057,0.13661605289391635,-1.2917052825714865,-22.95487081952373,49996,0.625615,883.044,1
0.5380854717161118,0.4294006891767181,1.2755765044040657,5.4699186438826635,143228,0.697215215,1576.336,0
0.19240675379185349,0.23010675496440247,-0.8884945895529079,-18.490546288966684,67372,0.616981132,1030.155,1
0.27712963846227223,0.2543254697931767,-0.0035597862155455715,-8.69260139592133,86319,0.70994898,1168.247,1
0.27281312601354574,0.2728562253508043,0.20776545477873176,-6.352821043783789,93928,0.588446959,1320.46,0
0.4060860440713536,0.3744633764062955,0.4219981131204751,-3.980849941724194,114538,0.689698853,1360.821,0
0.3389058475627206,0.29129136616805035,0.44878926184152823,-3.6842199551982944,100712,0.703058137,1239.314,0
0.2085900982543165,0.16377869657185767,-0.07348189853913362,-9.466774816119232,70274,0.703439853,978.434,1
0.6086282552704378,0.4497768127356091,1.7355366358620066,10.562569542035591,155411,0.777524801,1500.251,0
0.09639893160354861,0.04440636749667025,-0.5767662845035966,-15.039109253202142,47266,0.741286253,813.276,1
0.2922398168463226,0.27680438493662746,0.07634083899749426,-7.807946481452127,89048,0.699757752,1184.581,0
0.1860345320995898,0.2901869528903764,-1.34761422644973,-23.573891281914293,68813,0.63426911,1177.714,0
0.6145902890393972,0.46691212813630006,1.6625912864829284,9.754923023077653,158371,0.7216,1530.315,0
0.29554039874081844,0.27875682022540266,0.09612165166309632,-7.588934513896664,90899,0.636476246,1214.252,0
0.22731565391586378,0.2225178040150811,-0.39328514194929026,-13.00761708351883,74242,0.690650883,1037.399,1
0.17461127539826385,0.14011062176418637,-0.2190063700073264,-11.07801300751776,63641,0.673137894,958.627,1
0.13355909567871793,0.09876904335303574,-0.5195439891061202,-14.405547441819415,55158,0.715746997,906.666,1
0.45620051511971765,0.37981752402595625,1.025181087163516,2.697555651330417,125665,0.70666472,1418.304,0
0.26179051798149383,0.23154290567042946,0.03149386049819223,-8.304489528802742,84523,0.663542132,1153.618,0
0.06668415529905561,0.09204336875402681,-1.665969156383703,-27.09869790965548,41361,0.619968504,798.546,1
0.5840694457693408,0.5512427021460383,0.905303492427031,1.370278135846453,155494,0.719325646,1633.723,0
0.48582466851092243,0.39482876755162816,1.0929102447259578,3.447448808370376,130649,0.679096353,1423.997,0
0.7181102737765906,0.4910185163828216,2.367759767829421,17.56250601618481,180289,0.775837589,1622.809,0
0.08995516550605742,0.12202326723293677,-1.5171405495101689,-25.450876529869966,45872,0.677637221,842.121,1
0.5321615949632739,0.4323993584149749,1.1766959042840868,4.3751185893328115,139458,0.722141961,1458.551,0
0.18443670704950874,0.21769523354653292,-0.8973453781260327,-18.58854168746658,65958,0.767873412,1014.268,1
0.23742726318801868,0.23463777176891754,-0.2291647988319772,-11.190486520197435,78789,0.68412957,1121.786,1
0.20568062577506438,0.15909990037565647,-0.029909208888485455,-8.984340618222662,70513,0.670877399,1028.839,0
0.5661404178193266,0.42802588291357774,1.5530598502406763,8.542197551878653,149076,0.729421056,1506.255,0
0.1232137746828198,0.13350146975335406,-1.039815953733526,-20.165967327658638,52903,0.692470967,896.728,1
0.23591529142421064,0.19995205789472295,-0.03742860993899919,-9.067594974186278,76154,0.735392657,1040.788,1
0.10035295239912238,0.036560661002303964,-0.3717086827114062,-12.76872382516516,48275,0.684219059,844.312,1
0.30220356768100737,0.2583743092877789,0.2836695809053119,-5.512415126717065,92317,0.761312848,1184.156,0
0.5137556043117428,0.5389406016356068,0.2165648199376125,-6.255395002232083,136793,0.582496357,1544.712,0
0.06789564056090813,0.07060462674900561,-1.3862262289970724,-24.001401050704303,40539,0.733007733,766.531,1
0.17181150434036058,0.23076380797134288,-0.9026452445155693,-18.64722148922073,67286,0.597392869,1083.477,0
0.2087379566917867,0.15034620924919823,0.07811201813884061,-7.788336092576951,70703,0.75184561,989.917,1
0.14824954688543357,0.12921697889088132,-0.5875926075779864,-15.158977650825484,58697,0.685736144,933.896,1
0.08916340742153964,0.13342312189031014,-1.6231836354576579,-26.62497919651113,46287,0.638466441,867.003,1
0.36908327768768484,0.3757841891095298,0.1329998993760103,-7.180620774307582,109161,0.65023094,1378.308,0
0.23921110369169132,0.2546047969965129,-0.33706392675746766,-12.385139171934737,78465,0.705085125,1114.88,1
0.6703853858628255,0.5173446548736051,1.7245327513750417,10.440735195136686,170781,0.779463573,1641.14,0
0.08565296193837642,0.1272961763472193,-1.586399892721624,-26.217711810339377,46785,0.649275753,877.02,1
0.2451826767146809,0.1467325665455425,0.7375850946643326,-0.48668987200158836,78842,0.772322237,1042.77,1
0.10023848135075837,0.10454649875621592,-1.157675768591713,-21.470904105746694,48631,0.637631572,843.96,1
0.3068491843937804,0.3946376465379874,-0.6199015870692332,-15.516700727612516,95252,0.547433097,1295.377,0
0.189373271010207,0.21623929037684836,-0.7533784503794113,-16.99454852643064,69597,0.664193878,1079.752,1
0.20269006963655442,0.20418187640303945,-0.42272302015399715,-13.333551499625122,70360,0.697810444,1030.869,1
0.12542211199084233,0.1290853705605381,-0.911668527376541,-18.747126734096106,54510,0.728442565,928.217,1
0.11048364017933797,0.10002210013084592,-0.9707105206848763,-19.400836131250514,50748,0.742824357,862.001,0
0.5929409520175523,0.5342277776054544,1.0029106018755252,2.4509781783118467,154549,0.593805036,1596.356,0
0.2931365067251741,0.3029388209418724,-0.23741606633187537,-11.281844057449769,89047,0.725930755,1173.308,0
0.33376418964037013,0.3316668433406458,-0.012829881860535039,-8.795239337089793,97623,0.737951528,1225.352,0
0.6125965849470572,0.40299676667050083,2.296476169302342,16.773258302667067,159063,0.739083641,1582.146,0
0.920881427072403,0.4479415639263707,4.756798758984939,44.0138019697408,228259,0.731973651,1947.46,0
0.3000238481350758,0.3742654988110166,-0.66101262631747,-15.971879680379377,92317,0.555157323,1277.388,0
0.11018315367738243,0.06441699871053302,-0.553841612008363,-14.785288658789625,50103,0.669594277,859.326,0
0.16277306114661833,0.1853250441827022,-0.9074255835877655,-18.700149115778995,61469,0.755157975,968.36,1
0.4188638748449871,0.4190193868038767,0.1954502812303276,-6.489173904266273,116787,0.725860952,1388.476,0
0.28421253457979584,0.3709460548400161,-0.7809716011175527,-17.300058231030583,88730,0.629612341,1246.361,0
0.17243155585233236,0.17964644146437433,-0.6826737943578183,-16.211710829496717,65462,0.7233925,1056.491,0
0.25562815987789755,0.25339100052219266,-0.25701144783808616,-11.498802942366467,81442,0.753436549,1102.423,1
0.10429266431365067,0.1741559977130704,-1.6399588889916652,-26.810713794216184,51538,0.711320187,940.542,0
0.47335209386625965,0.4658309925251411,0.4202028706378877,-4.000726758465618,128308,0.681831859,1485.99,0
0.7243966421825814,0.5110122400733856,2.246000675464648,16.21439667217649,180994,0.683219376,1652.694,0
0.6363684059906515,0.5615500501574523,1.0810462773299283,3.316091675256392,162376,0.726610542,1624.343,0
0.2695507011351712,0.29183486044769574,-0.3456595947025158,-12.480309890192036,85000,0.583107877,1192.014,0
0.20830392063340647,0.13329575246029648,0.4281096636762072,-3.9131832217236973,72223,0.727023897,1039.551,1
0.2786082228369742,0.2788838739733251,-0.18216548258712223,-10.670112918841465,86346,0.657162126,1170.091,0
0.7295001430888105,0.518924639852311,2.2354745310196744,16.097851834275282,181715,0.789451783,1630.704,0
0.6375894305065344,0.4465519685533736,2.2751560389607284,16.537203102428727,165584,0.781964054,1563.83,0
0.5565296193837642,0.5664189791112896,0.41912422721584536,-4.012669433528865,148697,0.732276687,1622.58,0
0.06275875226557283,0.07562633352389668,-1.5817034482711718,-26.165713059984842,39765,0.760436395,770.59,1
0.15243250977773537,0.13587405263538774,-0.6410299748505395,-15.750632965760925,59365,0.723608833,928.272,1
0.0636125155012878,0.08471522097472434,-1.6746090301409333,-27.19435807200525,40133,0.780883243,769.691,1
0.2753028713154631,0.3651225698518536,-0.4267803927522997,-13.37847448488776,93706,0.491002009,1367.331,0
0.1067633311075074,0.1113122087385946,-1.148200539414077,-21.365994938448342,49237,0.683409393,857.776,1
0.24637985309548793,0.21131415303444318,0.061176725081518155,-7.9758426382540355,80094,0.72693048,1112.212,1
0.2940427358580559,0.20648973201570522,0.6994706125495534,-0.9086911244997365,88336,0.727896163,1094.59,1
0.10217971954593151,0.09364436045796423,-1.0592990503163142,-20.381683000659766,48300,0.721307939,836.109,1
0.1471763808070209,0.22441538098754865,-1.4331998615410217,-24.52149028366932,58530,0.65636597,1008.134,0
0.1418582466851092,0.14305758717442116,-0.8813969861270778,-18.411962050922583,56855,0.750401546,910.837,1
0.2466755699704283,0.2518253517350725,-0.31304282489231816,-12.119178977514359,80497,0.668994838,1131.54,0
0.19246875894305066,0.1597221986763757,-0.170276943737067,-10.538483732067055,69233,0.740815867,1036.517,1
0.8103310121148526,0.49788636209196474,3.081633735496895,25.466475629999458,197426,0.769656124,1639.103,0
0.19892206429457215,0.1652022062576599,-0.22979299226948993,-11.197441840137063,68383,0.76069161,972.971,1
0.6024802060478871,0.478807254301263,1.517429183448166,8.147696953169136,156402,0.67130865,1608.599,0
0.23533816655537537,0.16805407140120035,0.3251274551390823,-5.053396037860605,76287,0.766676926,1048.675,1
0.2675426881617857,0.27015793163961754,-0.23577996717367664,-11.263729266019785,84581,0.674012309,1162.37,0
0.38015835161690353,0.3655168054659742,0.2720445925544763,-5.6411262982228365,108296,0.700270537,1295.591,0
0.23617762091004482,0.15196641622137685,0.5126624975208555,-2.9770193332243795,75898,0.731741628,1012.365,1
0.29834016979872174,0.18169532579620068,1.0687085207688665,3.1794887770166578,89581,0.711009953,1099.568,1
0.06710865210340551,0.054333863645207515,-1.314751169972294,-23.210033498076854,40472,0.697576154,755.822,1
0.47310884288848615,0.2777522430937427,2.3312790803613184,17.15859403970374,128307,0.698250157,1373.537,0
0.15000476962701517,0.18498139286557513,-1.1145169288016155,-20.9930520286034,59040,0.634965144,973.599,1
0.12376705141657922,0.1247370576172881,-0.9670543651430734,-19.360355397094857,53944,0.742600897,898.546,1
0.3416579223504722,0.4327924647787906,-0.517042357829318,-14.377849530854235,101539,0.573452572,1383.647,0
0.12820280454068492,0.12286852443393305,-0.8127930783999401,-17.65238371269577,54116,0.684289081,923.19,1
0.17678145569016504,0.14470116278554,-0.3357294605514943,-12.370364042401523,64499,0.696275072,963.009,0
0.21148049222550797,0.16658498777008443,-0.03918719628517455,-9.08706593639107,71849,0.734398534,1035.501,1
0.43391204807784034,0.42617157382615584,0.4516753304503026,-3.6522655772264074,125132,0.747413046,1434.389,0
0.16723266240579987,0.204973974217209,-0.926592666026194,-18.912365899189403,64346,0.67634488,1054.198,1
0.11236287322331394,0.0566839465324131,-0.30658739800777224,-12.047704879493432,51456,0.711244478,872.289,1
0.14109033673566726,0.09761378983742831,-0.4020605017798068,-13.104777339519368,56851,0.75133953,893.644,1
0.673790899551655,0.49551063314501814,1.9038397034014507,12.426010978470213,169060,0.753517688,1574.164,0
0.013493274825908614,0.02562228483628192,-2.085313888608583,-31.74165755146525,30316,0.622292797,683.004,1
0.15463607745874272,0.10929924296391755,-0.2624907120478191,-11.55946902599086,58954,0.710346522,911.857,1
